1||
2|Enter Castle Alamar?|Войти в замок Аламар?
3|Fountain of Super Resilience|Фонтан Супер-Жизнестойкости
4|You feel like you could take on the world.  +2500 hit points.|Вы чувствуете, что можете горы свернуть.  +2500 здоровья.
5|The water is cool and refreshing!|Вода прохладная и освежающая!
6|====|====
7||
8|Enter Mine?|Войти в шахту?
9|Forbidden Zone.  Keep Out!|Запретная зона. Не входить!
10|You stumble upon a camp of Barbarian Archers.  Burn?|Вы наткнулись на лагерь варварских лучников. Сжечь?
11|Smoke rises into the sky as you put the camp to the torch. +100,000 experience|Дым от сожжённого вами лагеря поднимается в небо. +100000 опыта.
12|====|====
13||
14||
15||
16|Linus{a}{9:125}the Ruby Gemsmith|Линус{a}{9:125}Кузнец по рубинам
17|With 5 Ruby rocks I will make a weapon or piece of armor for you. The cost is 100 gems.  Do you accept?|Из 5 рубинов я сделаю для вас оружие или элемент брони. Стоимость 100 самоцветов. Согласны?
18|What do you prefer?{a}1) A Weapon{a}2) Something to Wear|Что вы предпочтёте?{a}1) Оружие{a}2) Броню
19|Simon{a}{9:125}the Emerald Gemsmith|Саймон{a}{9:125}Кузнец по изумрудам
20|With 5 Emerald rocks I will make a weapon or piece of armor for you. The cost is 200 gems.  Do you accept?|Из 5 изумрудов я сделаю для вас оружие или элемент брони. Стоимость 200 самоцветов. Согласны?
21|Toby{a}{9:125}the Sapphire Gemsmith|Тоби{a}{9:125}Кузнец по сапфирам
22|With 5 Sapphire rocks I will make a weapon or piece of armor for you. The cost is 400 gems.  Do you accept?|Из 5 сапфиров я сделаю для вас оружие или элемент брони. Стоимость 400 самоцветов. Согласны?
23|I'm sorry, but you don't have enough Ruby rocks.  Come back when you do!|Извините, у вас недостаточно рубинов. Возвращайтесь, когда добудете их!
24|I'm sorry, but you don't have enough Emerald rocks.  Come back when you do!|Извините, но у вас недостаточно изумрудов. Возвращайтесь, когда добудете их!
25|I'm sorry, but you don't have enough Sapphire rocks.  Come back when you do!|Извините, у вас недостаточно сапфиров. Возвращайтесь, когда добудете их!
26|Will the party pray?|Будет ли отряд молиться?
27|Only silence answers your supplication.|Лишь тишина отвечает вашим мольбам.
28|Recognizing the urgency of your quest, the Gods grant you 3 levels.|Понимая важность ваших поисков, Боги даровали вам 3 уровня.
29|West Tower{a}{9:125}<--|Западная башня{a}{9:125}<--
30|Well of Resilience|Фонтан Жизнестойкости
31|The water is cool and refreshing.|Вода прохладная и освежающая.
32|The water magically toughens your skin and strengthens your bones.  +50 hit points|Вода магическим образом делает вашу кожу жёстче, а кости прочнее. +50 очков здоровья
33|Well|Колодец
34|Well of Spells|Колодец заклинаний
35|Your fingers and toes tingle from the extra magic coursing through your veins.  +50 spell points.|Ваши пальцы рук и ног покалывает от избытка магии, бегущей по вашим венам. +50 очков магии.
36|A strange rope rises up through the ceiling.  Climb?|Странная верёвка уходит вверх через потолок. Подниметесь?
37|Dreyfus{a}{9:125}High Priest of Mok|Дрейфус{a}{9:125}Верховный жрец Мока
38|Oh, wretched fortune!  I, Dreyfus, high priest of Mok, have been cast from my tower by heretics in the priesthood!  To think that I was blind to their deviance until it was too late to turn them back to the path of the faithful!  I would punish myself for my stupidity, but there is no time for such indulgences.  I have been locked out of the tower and must gain readmittance as soon as possible to salvage what I can from the situation.  The only way in is from the top, but the heretics have placed magical wards against my entrance.  Perhaps you could get by the wards and open the tower to me again.|О злодейка-судьба! Меня, Дрейфуса, верховного жреца Мока, еретики выгнали из моей же башни! Я не хотел замечать отступничества, пока не стало слишком поздно наставлять их на путь истинный! Я должен заплатить за свою глупость, но сейчас не до этого. Мне нужно как можно скорее попасть в башню, на самую вершину, чтобы всё исправить, но еретики поставили магические барьеры, которые не пускают меня внутрь. Возможно, вы смогли бы избавиться от стражи, чтобы я снова мог туда войти.
39|Your failure to breach the tower is not your fault;  it is a test of my determination to cleanse the faith of heresy.  I implore you to continue your efforts on my behalf.|Не ваша вина, что вы не смогли попасть в башню. Это испытание моей решимости. Я должен очистить веру от ереси. Умоляю, продолжайте свою борьбу во имя меня.
40|Thank you !  Mok appreciates your good deed and asks me to reward you for your service to the faith.  Meet me inside the tower for your reward.|Спасибо! Мок благодарит вас за доброе дело и просит меня вознаградить вас за службу вере. Я вручу вам награду в башне.
41|====|====
42||
43|The hut is empty.|Хижина пуста.
44|It is good to see you again.  Please, allow me to restore your magical energies.|Рад видеть вас вновь. Пожалуйста, позвольте мне восстановить вашу магическую энергию.
45||
46||
47|The ship is about to break apart under the current...Search?|Корабль вот-вот развалится на части… Обыскать?
48|You find some booty and slip off the ship in the nick of time.  The ship sinks beneath the water behind you.|Вы нашли трофеи и покинули борт в последний момент. Судно скрывается под водой позади вас.
49|Justine{a}{9:125}The Thief|Джастин{a}{9:125}Вор
50|Pssst!  Wanna buy a Castleview pass?  Just 1000 gold.|Пс-с-с! Хотите взять пропуск в Каслвью? Всего 1000 золотых.
51|Falista{a}{9:125}The Unicorn|Фалиста{a}{9:125}Единорог
52|I am glad you found this place.  Without your help, I would be unable to return here to renew my magic and my youth.  Because you have saved my life, I will use my magic to restore yours.|Я рада, что вы отыскали это место. Без вашей помощи я бы не смогла сюда вернуться, чтобы восстановить магическую энергию и помолодеть. Поскольку вы спасли мою жизнь, я воспользуюсь своей магией для восполнения вашей.
53|Castle Kalindra is out of phase and you can not enter it.|Замок Калиндра не в фазе, и вы не можете войти.
54|A note in the bottle reads:  {a}Hello, stranger!  Please come and visit me, Xanthus the Sorcerer.  My tent is 25 West of Castle Blackfang.|В письме из бутылки написано: {a}Здравствуй, странник! Пожалуйста, навести меня, колдуна Зантуса. Моя палатка 25 на запад от замка Блэкфэнг.
55|Help!  I am being held captive in Castle Blackfang!  --Queen Kalindra, ruler of Darkside|Помогите! Я заточена в замке Блэкфэнг! --Королева Калиндра, правитель Тёмной стороны
56|Monga Melon|Дыня Монга
57|Well of Might|Колодец силы
58|The water is cool and refreshing.|Вода прохладная и освежающая.
59|Your muscles swell noticably, and you feel much stronger.  +25 Might.|Ваши мышцы заметно увеличиваются; вы чувствуете себя гораздо сильнее. +25 к силе.
60|Well of Protection|Колодец защиты
61|Your skin itches briefly, but the feeling passes quickly and you find that your skin seems much thicker and stronger.  +10 AC.|Вашу кожу слегка покалывает, но ощущение быстро проходит и вы обнаруживаете, что кожа выглядит куда толще и прочнее. +10 КБ.
62|Enter?|Войти?
63|Luna{a}{9:125}The Druid|Луна{a}{9:125}друид
64|I don't know what I'm going to do.  Somehow the three golden statuettes that must be placed on my altar to give it its magical aura must have been stolen.  You see, I derive all my mental powers of healing from this altar of magical beasts.  It allows me to heal all the animals that come to me with their wounds.  Without the altar's magical aura, I have no powers of healing.  If you could just return the three statuettes, I would reward you with all that I can.  You could start looking for the thief in the Great Southern Tower, rumored to be a hideout for thieves.  I do not have a key, but I have heard that the keeper of the fountain near Venom Pond has one.|Я не знаю, что делать. Кто-то украл три золотые статуэтки, которые должны находиться на моём алтаре, чтобы поддерживать его магическую ауру. Видите ли, я черпаю всю свою силу исцеления из этого алтаря волшебных зверей. Она позволяет мне исцелять всех приходящих раненых животных. Без волшебной ауры алтаря у меня нет силы исцеления. Если вы сможете вернуть три статуэтки, я щедро вас отблагодарю. Можете начать поиски вора в Великой южной башне, которая, по слухам, является пристанищем для воров. У меня нет ключа, но я слышала, что он есть у смотрителя фонтана около пруда Ненависти.
65|I see you haven't found any of the statuettes yet.  Go see the keeper of the fountain near venom pond.  I think he has the key to the Great Southern Tower.  You might find a clue there.|Смотрю, вы не нашли ещё ни одной статуэтки. Наведайтесь к смотрителю фонтана около пруда Ненависти. По-моему, у него есть ключ от Великой южной башни. В ней вы могли бы поискать зацепки.
66|You are truly great adventurers to have found this statuette, but alas, I need all three statuettes before I can return them to their place on the altar.|Вы действительно великие искатели приключений, коль нашли эту статуэтку. Увы, но мне нужны все три, прежде чем я смогу вернуть их на их место на алтаре.
67|You have found all of my statuettes!  Now I can restore the altar's magical aura and regain my powers of healing.  This was no small feat to accomplish and there shall be no small reward.  For you, great adventurers, shall share my powers!  +5 Levels Perm.|Вы нашли все мои статуэтки! Теперь я смогу восстановить магическую ауру алтаря и свою силу исцеления. Совершить такое - немалый подвиг, который достоин немалой награды. Я поделюсь с вами, великими искателями приключений, своей силой! +5 уровней (постоянно).
68|I'm pleased to see you again, friends.  Please come by more often!|Я очень рада вас видеть, друзья. Пожалуйста, заходите чаще!
69|Brother Reger{a}{9:125}the Monk|Брат Регер{a}{9:125}монах
70|There is a word for what the monks of Castleview study.|Это слово, которое изучают монахи Каслвью.
71|What's the word?|Что это за слово?
72|Palindrome|Палиндром
73|Palindromes|Палиндромы
74|Correct.  You are truly a Drawkcab!  +500,000 experience|Верно. Вы истинные Дерепан Модаз!  +500 000 опыта
75|Wrong.  Go visit the monks of Castleview for enlightenment and return to me when you feel you are ready.|Неправильно. Оправляйтесь к монахам в Каслвью для просвещения и возвращайтесь, когда будете чувствовать, что готовы.
76|WRONG!!!  You call yourself a Drawkcab. You know nothing of the Drawkcab! Go to the monks for further enlightenment and return to me when you feel you are ready.|НЕПРАВИЛЬНО!!! Вы называете себя Дерепан Модаз. Но вы ничего не знаете о Дерепан Модаз! Отправляйтесь к монахам для дальнейшего просвещения и возвращайтесь, когда будете чувствовать, что готовы.
77|Pleased to see you, fellow Drawkcabs.|Рад видеть вас, собратья Дерепан Модаз.
78|Enter Castle Kalindra?|Войти в замок Калиндра?
79|====|====
80||
81||
82||
83|Enter Strange Craft?|Войти в странный корабль?
84|Forbidden Zone.  Keep Out!|Запретная зона. Не входить!
85|Fountain of the Elements|Фонтан элементов
86|The water feels good!|Хороша водица!
87|Ambrose{a}{9:125}the Queen's Knight|Амброз{a}{9:125}рыцарь королевы
88|I am the Queen's Knight.  I have a question to ask of thee.|Я рыцарь королевы. У меня есть к вам вопрос.
89|Who sent you?|Кто вас послал?
90|Dimitri|Димитрий
91|I think thou speaks with a forked tongue!|По-моему, ты говоришь не искренне!
92|I'm really busy right now as you can see.  I've captured a griffin in hopes of getting it to let me ride him in a battle against my Queen's captors, but he will have none of it.  Maybe the griffin would submit to being ridden if I had this bridle enchanted by an enchantress.  Trouble is, I cannot take the time to go do it myself, for as you can see I have my hands full with this beast.  I will gladly pay you for your trouble if you take this bridle to an enchantress, have her enchant it, and return to me.|Как видите, я сейчас очень занят. Я поймал грифона в надежде, что оседлав его, у меня получится сразиться с похитителями моей королевы, но он другого мнения. Будь у меня заколдованная волшебницей уздечка, возможно, тогда грифон разрешил бы себя оседлать. Беда в том, что у меня нет возможности сделать это самому, потому что приходится держать эту тварь. Я буду вам весьма благодарен, если вы возьмёте уздечку, зачаруете её у волшебницы и принесёте мне.
93|Please make haste and get my bridle enchanted for me.  Perhaps you can find an enchantress in Sandcaster.|Пожалуйста, поторопитесь и принесите мне зачарованную уздечку. Возможно, вы найдёте волшебницу в Сэндкастере.
94|Thank you for bringing me the enchanted bridle;  I'm sure the griffin will let me ride him now.  Please take this treasure for your services.  Now I must leave, for I have business at Castle Blackfang. +500,000 experience.|Спасибо, что принесли мне зачарованную уздечку. Уверен, теперь грифон позволит себя оседлать. Пожалуйста, примите это сокровище в качестве моей благодарности. Мне нужно спешить, так как у меня много дел в Замке Чёрного Клыка. +500 000 опыта.
95|You are more resistant to the elements.|Вы увеличили сопротивляемость к стихиям.
96|====|====
97||
98|The lava blocks the entrance.|Лава преграждает путь.
99|Enter the Mine?|Войти в шахту?
100|Lamp|Лампа
101|Genie{a}{9:125}of the Lamp|Джин{a}{9:125}из лампы
102|Lucky day!  For freeing me, I will grant you one of the following three wishes:|Счастливый день! За своё освобождение и исполню одно из этих трёх желаний:
103|1) 2 million experience{a}2) 200,000 gold{a}3) 2,000 gems|1) 2 млн. опыта{a}2) 200 000 золотых{a}3) 2 000 самоцветов
104|Genie{a}{9:125}of the Lamp|Джин{a}{9:125}из лампы
105|My powers are low.  I can give you 100,000 gold, but it is all that I have.  Do you want it?|Мои силы истощены. Я могу дать вам 100 000 золотых; это всё, что у меня есть. Возьмёте их?
106|Well here, why don't we share it, since neither of us seem to be greedy.|Вот держите. Почему мне им не поделиться, коль мы, похоже, не жадные.
107|Now that I have my powers back I've decided to teach you not to be so greedy.  I'm taking my gold back, plus interest!|Теперь, когда ко мне вернулась сила, я решил обучить вас, чтобы не показаться слишком жадным. Я заберу своё золото, плюс процент!
108|Forbidden Zone.  Keep Out!|Запретная зона. Не входить!
109|You have discovered a barbarian camp.  Destroy?|Вы обнаружили лагерь варваров. Уничтожить?
110|Smoke rises into the sky as you put the camp to the torch. +50,000 experience.|Дым от сожжённого вами лагеря поднимается в небо. +50 000 опыта.
111|The Portal has been destroyed.|Портал уничтожен.
112|Freeda{a}{9:125}the Mountain Woman|Фрида{a}{9:125}женщина-горец
113|I am Freeda.  My name you have heard and you come to me to learn how to climb mountains.  My lessons are not cheap, and you must pay me 5000 gold in advance.|Я Фрида. Услышав обо мне, вы пришли, чтобы научиться ходить в горы. Мои уроки не дёшевы, поэтому придётся заплатить мне 5000 золотых авансом.
114|Mountaineer|Горец
115|Enter Strange Craft?|Войти в странный корабль?
116|====|====
117||
118||
119||
120|Kramer{a}{9:125}The Caravan Owner|Крамер{a}{9:125}владелец каравана
121|These blasted Ogres are killing my business.  Everytime I try to get a caravan through Ogre Pass they attack it, stealing everything.  Perhaps you could get rid of them for me.  There is a reward.|Эти проклятые огры губят мой бизнес. Каждый раз, когда я пытаюсь провести караван через Перевал огров, они нападают и разграбливают его. Возможно, вы смогли бы избавиться от них. Награду гарантирую!
122|There are still Ogres attacking my caravans.  Please do something!|Огры всё ещё нападают на мои караваны. Пожалуйста, сделайте что-нибудь!
123|Thank you so much for getting rid of the Ogres!  My caravans can now get through the pass safely.  Here--take this gold as a reward. +150,000 experience.|Огромное спасибо за то, что избавили меня от огров! Теперь мои караваны могут безопасно проходить через перевал. Вот - примите это золото в качестве награды. +150 000 опыта.
124|Hector{a}{9:125}the Diamond Gemsmith|Гектор{a}{9:125}алмазный ювелир
125|With 5 diamonds I can make a weapon or piece of armor for you. The cost is 1000 gems.  Do you accept?|Из 5 алмазов я сделаю для вас оружие или элемент брони. Стоимость 1 000 самоцветов. Согласны?
126|What do you prefer?{a}1) A weapon{a}2) Something to wear|Что изволите?{a}1) Оружие{a}2) Что-нибудь из одежды
127|I'm sorry, but you don't have enough diamonds.  Come back when you do!|Извините, но у вас недостаточно алмазов. Возвращайтесь, когда добудете их!
128|Enter Mine?|Войти в шахту?
129|You find a note in the bottle which reads:  {a}Help us!  The witches of Lakeside have taken over the city and are turning the townspeople into monsters!|Внутри бутылки вы нашли записку:{a}Помогите нам! Ведьмы Лэйксайда захватили город и превращают горожан в монстров!
130|You have found a Barbarian camp.  Destroy?|Вы обнаружили лагерь варваров. Уничтожить?
131|Smoke rises into the sky as you put the camp to the torch.  +100,000 experience.|Дым от сожжённого вами лагеря поднимается в небо. +100 000 опыта.
132|No Swimming|Купаться запрещено
133|Danger{a}Beware|Опасно!{a}Будьте осторожны!
134|Vespar{a}{9:125}The Wizard|Веспар{a}{9:125}волшебник
135|I seem to have lost the emerald handle that fits on the end of my magical staff.  It must have loosened and come off on my journey back from visiting Sandcaster.  If you could find it for me it would be much appreciated.|Похоже, я потерял изумрудную головку, которая крепилась на конце моего волшебного посоха. Должно быть, она оторвалась по дороге из Сэндсастера. Если вы её найдёте, я буду вам весьма признателен.
136|You haven't found my staff's emerald handle yet.  Keep searching.  I can reward you.|Вы ещё не нашли мою изумрудную головку от посоха. Продолжайте поиски. Я в накладе не останусь.
137|Oh, Thank you!  You've found the emerald handle.  Without it, I was unable to cast some of my most powerful spells.  To show you how grateful I am, I'll give you this pass to Sandcaster. +200,000 experience.|О, премного благодарен! Вы нашли изумрудную головку. Без неё я не мог наложить некоторые из своих мощнейших заклинаний. Чтобы показать вам свою благодарность, я даю вам этот пропуск в Сэндкастер. +200 000 опыта.
138|Yog{a}{9:125}The Barbarian|Йог{a}{9:125}варвар
139|I am Yog, chief of the Sardaj tribe.  You intrude upon our ancestral lands.  Are you here to do battle with us?|Я Йог, вождь племени Сардай. Вы вторгаться на земли наших предков. Вы здесь, чтобы сражаться с нами?
140|Then you shall not leave these lands alive!|Тогда вы не должны оставаться здесь живыми!
141|We know you as enemies.  You may not have come looking for battle, but you have found it nonetheless!|Мы знаем вас как врагов. Возможно, вы не искали драки, но, всё равно, нашли её!
142|You are welcome among us.  What can we do for you?|Мы рады вас видеть здесь. Что мы можем сделать?
143|1) Do you have any Energy Disks?{a}{a}2) Can you give us anything to help us in our fight against Alamar?|1) У вас есть энергетические диски?{a}{a}2) Можете дать хоть что-нибудь, что поможет нам в борьбе против Аламара?
144|1) Do you have any Energy Disks?|1) У вас есть энергетические диски?
145|We would gladly give energy disks to you if we had them, but the Ogres stole the only ones we owned.|Мы бы с радостью отдали вам энергетические диски, будь они у нас, но огры украли их все.
146|We will fill your packs with food so that your journey will be without hunger.|Мы наполним ваши рюкзаки едой, так что вы не будете голодать во время своего путешествия.
147|We would gladly give energy disks to you if we had them, but the Ogres stole the only ones we owned.|Мы бы с радостью отдали вам энергетические диски, будь они у нас, но огры украли их все.
148|You are welcome among us, friend.|Мы рады вас видеть здесь, друг.
149|Nothing here.|Здесь ничего нет.
150|====|====
151||
152||
153||
154|Troll Hole. Descend?|Яма тролля. Спуститься?
155|Troll Hole. Descend?|Яма тролля. Спуститься?
156|Troll Hole. Descend?|Яма тролля. Спуститься?
157|You find a note that reads:  {a}{a}Beware the rapids!|Вы нашли записку, в которой сказано:  {a}{a}Осторожно, пороги!
158|Monga Melon|Дыня Монга
159|Wishing Well|Колодец Желаний
160|The water is cool and refreshing.|Вода прохладная и освежающая.
161|Fortune smiles upon you.  +100 Luck|Фортуна улыбается вам. +100 к удаче
162|Nibbler{a}{9:125}The Monkeydog|Ниблер{a}{9:125}Обязьянопёс
163|There is nothing in this world that I love more than Monga Melons.  Unfortunately, the best, most sweet tasting Monga Melons grow in the southern region of the meadowlands, which happens to also be the home of the most vicious centipedes.  Please help a poor monkeydog out and bring me some Monga Melons.|Нет ничего в этом мире, что я люблю больше, чем дыни Монга. К сожалению, самые лучшие, самый сладкие дыни Монга растут в южной стороне лугов, где к тому же живут ещё и очень злобные сороконожки. Пожалуйста, помоги бедному обезьянопсу и принеси ему дыни Монга.
164|You didn't bring me any Monga Melons.  I'm practically starving to death and you couldn't even bring me a Monga Melon.  Of all the rotten things to do to a poor monkeydog.|You didn't bring me any Monga Melons.  I'm practically starving to death and you couldn't even bring me a Monga Melon.  Of all the rotten things to do to a poor monkeydog.
165|Well, it's about time!  I practically starved to death waiting for you to return with my Monga Melons.  But now that you have, I can tell you to go visit the dungeon in Sprite Forest.  After you go check it out come back and see me. +10,000 experience.|Ну, с этим мы ещё успеем! Я практически умер от голода в ожидании, пока вы вернётесь с моими дынями Монга. Но теперь, когда они у вас есть, я могу рассказать вам о том, что вы должны сходить в подземелье в Лесу Фей. После того как проверите его, возвращайтесь ко мне. +10 000 опыта
166|Thank you for the Monga Melon!  Yum.  Here's the key I promised you. +10,000 experience.|Спасибо за дыню Монга! Ммм... Вот ключ, который я обещал. +10 000 опыта
167|Hi!  Glad to see you again.  I saved the seeds from the Monga Melons you gave me, and now I'm growing my own!  I won't need you to find me any more melons, now.  (sigh) I love Monga Melons.|Привет! Рад снова видеть вас. Я сохранил семена от дынь Монга, которые вы дали мне, и теперь выращиваю свои собственные! Мне уже не нужно, чтобы вы искали для меня дыни Монга. (вздох) Я люблю дыни Монга.
168|He asked you for the key, didn't he?  Ha!  I knew it.  For another Monga Melon I'll give it to you.|Он попросил у вас ключ, не так ли? Ха! Я знал это. Ещё за одну дыню Монга я дам его вам.
169|Go check out that dungeon.|Сходите и исследуйте то подземелье.
170|====|====
171||
172|Wood Pile|Поленница
173|You have found a Giant's lair.  Destroy?|Вы нашли логово Гиганта. Разрушить?
174|You put your backs into it and tear the place apart.  +50,000 experience.|Вы поднапрягаетесь и разносите это место по кирпичику. +50 000 опыта.
175|Fountain of Energy Resistance|Фонтан защиты от Энергии.
176|The water is cool and refresing.|Вода прохладная и освежающая.
177|Your spine tingles and the hair on the back of your neck stands on end.  You have become resistant to energy.  +50 energy resistance.|Вы чувствуете покалывание в позвоночнике, а волосы на затылке встают дыбом. Вы стали устойчивыми к энергии. +50 сопротивление энергии.
178|====|====
179||
180|Enchanted Boulder|Зачарованный валун
181|The Enchanted Boulder speaks:{a}My first is in apple and also in pear.|Заколдованный валун говорит:{a}Моя первая буква есть в слове помидор и в слове персик.
182|The boulder disappears and leaves behind...|Заколдованный валун исчезает, оставляя после  себя…
183|Enchanted Boulder|Зачарованный валун
184|The Enchanted Boulder speaks:{a}My second is in cave and also in lair.|Заколдованный валун говорит:{a}Моя вторая буква есть в слове голова, но нет в слове логово.
185|The boulder disappears and leaves behind...|Заколдованный валун исчезает, оставляя после  себя…
186|Enchanted Boulder|Зачарованный валун
187|The Enchanted Boulder speaks:{a}What am I?|Зачарованный валун спрашивает:{a}Кто я?
188|Paladin|Паладин
189|Correct! You have solved my riddle.  Please take the magical things that I have left in the care of these enchanted boulders.  Be sure to visit the other boulders for their treasure. +1,000,000 experience.|Верно! Вы отгадали мою загадку. Заберите волшебные вещи, который я оставил за этими заколдованными валунами. Не забудьте посетить остальные валуны, чтобы получить их сокровища. +1 000 000 опыта.
190|Wrong.  You are not a friend!  Go AWAY.|Не верно. Ты не друг! УХОДИ.
191|Lamp|Лампа
192|Genie{a}{9:125}of the Lamp|Джин{a}{9:125}из лампы
193|Lucky day!  For freeing me, I will grant you one of the following three wishes:|Счастливый день! За своё освобождение и исполню одно из этих трёх желаний:
194|1) 500,000 experience{a}2) 10,000 gold{a}3) 500 gems|1) 500 000 опыта{a}2) 10 000 золотых{a}3) 500 самоцветов
195|Shrine of Great Power.{a}Will the party pray?|Святилище Великой силы:{a}Будет ли отряд молиться?
196|Only silence greets your supplications.|Только тишина встречает ваши молитвы.
197|Recognizing the urgency of your quest, the Gods answer your prayers.  +15 levels.|Принимая важность ваших поисков, Боги ответили на ваши молитвы. +15 уровней.
198|SOMEONE in the party got the munchies and ate all the food!|КТО-ТО в отряде повёл себя, как свинья, и сожрал всю еду.
199|====|====
200||
201|Enter Mine?|Войти в шахту?
202|Enter Mine?|Войти в шахту?
203|Enter Mine?|Войти в шахту?
204|Troll Hole. Descend?|Яма тролля. Спуститься?
205|====|====
206||
207|Troll Hole.  Descend?|Яма тролля. Спуститься?
208||
209||
210|Inside the hut you find a basket labeled "Forbidden Fruit".|В хижине вы нашли корзину с надписью "Запретный плод".
211|Apple|Яблоко
212|You feel ill as you bite into the poisonous witch apple.|Вы чувствуете себя плохо, как будто откусили отравленное ведьмой яблоко.
213|Enter the Ancient Temple of Bark?|Войти в Древний храм Барка?
214|Inside the hut you find a basket labeled "Forbidden Fruit".|В хижине вы нашли корзину с надписью "Запретный плод".
215|Pear|Груша
216|+10 Endurance (permanent)|+10 к сложению (постоянно)
217|Yuk! The pear of paralysis.|Тьфу! Это груша паралича.
218|Inside the hut you find a basket labeled "Forbidden Fruit".|В хижине вы нашли корзину с надписью "Запретный плод".
219|Coconut|Кокос
220|You realize that you shouldn't have eaten the coconut of confusion.|Вы понимаете, что зря съели кокос замешательства.
221|Inside the hut you find a basket labeled "Forbidden Fruit".|В хижине вы нашли корзину с надписью "Запретный плод".
222|Plum|Слива
223|+10 Speed (permanent).|+10 к скорости (постоянно)
224|Yuk! The plum of unconsciousness.|Тьфу! Это слива беспамятства.
225|Inside the hut you find a basket labeled "Forbidden Fruit".|В хижине вы нашли корзину с надписью "Запретный плод".
226|Orange|Апельсин
227|+10 Intellect (permanent).|+10 к интеллекту (постоянно).
228|Yuk! The orange of sleepiness.|Тьфу! Это апельсин сонливости.
229|Sharla{a}{9:125}The Sprite|Шарла{a}{9:125}фея
230|I am Sharla, First of the Sprites.  We have a problem.  The Orcs have kidnapped one of our sisters.  Can you help her?|Я Шарла, главная из фей. У нас есть проблема. Орки похитили одну из наших сестёр. Вы сможете помочь ей?
231|1) Certainly.{a}{a}2) Perhaps.  What will you give us in return?{a}{a}3) This is a stick up!  Give us all your gold, gems, and energy disks and no one will get hurt!|1) Конечно.{a}{a}2) Возможно. Что ты дашь нам взамен?{a}{a}3) Это ограбление! Отдайте нам всё золото, драгоценные камни, энергетические диски - и никто не пострадает!
232|Thank you so much!  Go to the Temple of Bark and free her!|Спасибо тебе огромное! Идём в Храм Коры и освободим её!
233|We have two Energy Disks and some gold to give you after you rescue her. Will you try?|У нас есть два энергетических диска и немного золота для того, кто её спасёт. Вы попытаетесь сделать это?
234|1) As long as it's a LOT of gold.{a}{a}2) Sorry, we're just not interested.|1) Если только это МНОГО золота. {a}{a}2) Извините, это нас не интересует.
235|Very well.  Come back if you change your mind.|Ну ладно. Возвращайся, если передумаешь.
236|It is.  Go to the Temple of Bark and free her!|Хорошо. Идём в Храм Коры и освободим её.
237|Sisters, we are under attack!  Stop them!|Сестрички, на нас напали! Остановите их!
238|You have not rescued her yet.  Keep trying.  We think she was taken by the Orcs into the Temple of Bark.|Вы ещё не спасли её. Продолжайте пытаться. Мы думаем, орки держат её в Храме Коры.
239|Thank you!  It is good to see her back.  Here is your reward. +250,000 experience.|Спасибо! Так замечательно лицезреть её возвращение. Вот ваша награда. +250 000 опыта.
240|We are always pleased to see heroes such as yourselves.  You are welcome in our forest.|Мы всегда рады видеть таких героев, как вы. Добро пожаловать в наш лес.
241|In this treehouse there once lived many sprites, but someone murdered the lot of them.  You find two energy disks.|В этом дереве жило много фей, но кто-то убил большинство из них. Вы находите два энергетических диска.
242|====|====
243||
244|Delete me.|Удалить меня.
245|Delete me.|Удалить меня.
246||
247||
248|Wood Pile|Поленница
249||
250||
251|You've come across a Giant's lair.  Destroy?|Вы натолкнулись на логово Гиганта. Разрушить?
252|You put your backs to it and tear the place apart. +50,000 experience.|Вы поднапрягаетесь и разносите это место по кирпичику. +50 000 опыта.
253|Fountain of Might|Фонтан силы
254|The water is cool and refreshing.|Вода прохладная и освежающая.
255|Fantastic Might surges through your body as the water passes your lips.  +100 Might.|Фантастическая Мощь проходит по вашему телу, как вода струится по губам. +100 Силы
256|The pyramid portal has been destroyed.|Пирамидальный портал был разрушен.
257|Bosco{a}{9:125}The Dwarf King|Боско{a}{9:125}король дварфов
258|Recently, my tribal seer told me I will die by imbibing a poison drink.  I fear I will soon die unless I can get the royal Chalice of protection.  I've heard the Chalice protects royalty who drink from it by neutralizing all poison placed within it.  I know the knights of the Northern Tower have it, but my efforts to steal it have been in vain.  I do have the key to the tower, which I'll give you.  If you bring me the Chalice, I will reward you well.|Недавно мой племенной провидец сказал мне, что я умру, выпив яд. Я боюсь, что  скоро это случится, если у меня не будет королевской Чаши защиты. Я слышал, что чаша защищает особ, которые пьют из неё, нейтрализуя весь налитый в неё яд. Я знаю, что у рыцарей Северной Башни есть такая Чаша, но мои усилия выкрасть её были напрасны. У меня есть ключ от башни, который я дам вам. Если вы принесёте мне чашу, я вас хорошо отблагодарю.
259|Please get the Chalice.  I live in fear for my life.|Пожалуйста, достаньте мне Чашу. Я живу в страхе за свою жизнь.
260|Oh, thank the Gods!  You have the Chalice.  For saving my life, I dub thee royal taste tester and give you this treasure. +1,000,000 experience.|О, спасибо Богам! Вы достали Чашу. За спасение моей жизни я назначаю тебя королевским дегустатором и дарую это сокровище. +1 000 000 опыта.
261|Ah, the taste testers!  Please, please, sit down and drink with me for awhile!  My halls will always be open to you.|О, дегустатор! Будь дорб, пожалуйста, присядь и выпей из моего кубка! Мои врата будут всегда открыты для тебя.
262|Gurodel{a}{9:125}The Giant|Гуродель{a}{9:125}великан
263|Greetings, little ones.  We are happy to make your acquaintance.  I am Gurodel, King of the People.|Привет, малыши. Мы рады познакомиться с вами. Я Гуродель, царь людей.
264|1) Greetings, large ones.  We hope that our relationship will be mutually beneficial.{a}{a}2) As representatives of the Dragon Pharoah, we ask your cooperation in our fight against Alamar.{a}{a}3) We are powerful and demand tribute.  Give us 100,000 gold.|1) Приветствуем вас, великаны. Мы рассчитываем на взаимовыгодное сотрудничество{a}{a}2) Как представители Дракона Фараона мы просим вас о помощи в борьбе против Аламара.{a}{a}3) Мы сильны и требуем дань. Дайте нам 100 000 золотых.
265|We see no reason why that should not be.  How may we help you?|Мы не видим причин отказать вам. Как мы можем помочь?
266|1) Can you give us any information?{a}{a}2) Is there anything you can give us that would help our cause?{a}{a}3) Our records indicate that you are WAY behind in your taxes to the Pharoah.  You owe uhh, let's see...50,000 gold pieces, payable immediately!|1) Вы можете предоставить нам какую-нибудь информацию?{a}{a}2) Что вы можете дать нам, дабы помочь нашему делу?{a}{a}3) Наши записи гласят, что вы давно не платили налоги Фараону. Ваш долг, хм, сейчас проверим... составил 50 000 золотых!
267|What would you like to know?|Что вы хотите узнать?
268|1) Why aren't your people working for Alamar?{a}{a}2) What are Alamar's Plans?{a}{a}3) Do you know where the kidnapped sprite is?|1) Почему ваш народ не работает на Аламара?{a}{a}2) Каковы планы Аламара?{a}{a}3) Вы знаете, где похищенная фея?
269|1) Why aren't your people working for Alamar{a}2) What are Alamar's Plans?|1) Почему ваш народ не работает на Аламара?{a}{a}2) Каковы планы Аламара?
270|Though he denies it, Alamar's plans will ultimately destroy all creatures on Darkside.  No sane people could support a tyrant with plans such as his.|Хотя он это отрицает, в итоге Аламар планирует уничтожить все существа на Тёмной стороне. Ни один здравомыслящий не может поддерживать тирана с такими планами.
271|Alamar plans to move Xeen away from the Sun so that he may return to the world he came from.|Аламар планирует переместить Ксин подальше от Солнца, чтобы у него была возможность вернуться в мир, из которого он прибыл.
272|No, but we heard about the incident for the Sardaj.  Perhaps they know more.|Нет, но мы слышали о происшествии у сардаев. Возможно, им известно больше.
273|We have just these two energy disks to give you.  We have found no use for them, but perhaps you will.|У нас есть только эти два энергетических диска. Мы не нашли им применения, но, возможно, это получится у вас.
274|We have no more energy disks to give you.|У нас больше нет энергетических дисков.
275|The People have no use for money, so we are unable to pay taxes in that form.|У народа нет в ходу денег, поэтому мы не сможем заплатить налоги в такой форме.
276|What a coincidence!  The Ogres said the same thing.  We will be happy give to you what we gave to them.|Какое совпадение! Огры сказали то же самое. Мы будем рады дать вам то, что дали им.
277|We recognize you as enemies!  Prepare to defend yourselves!|Мы считаем вас врагами! Приготовьтесь защищаться!
278|You search the bloody throne and find two energy disks.|Вы обыскали окровавленный трон и нашли два энергетических диска.
279|====|====
280||
281|Enchanted Boulder|Зачарованный валун
282|The Enchanted Boulder speaks:{a}My third is in fable and also in tale.|Заколдованный валун говорит:{a}Моя третья буква есть в ---- и в -----.
283|The boulder disappears and leaves behind...|Заколдованный валун исчезает, оставляя после себя…
284|Enchanted Boulder|Зачарованный валун
285|The Enchanted Boulder speaks:{a}My fourth is in lark and also in quail.|Заколдованный валун говорит:{a}Моя четвёртая буква есть в ---- и в -----.
286|The boulder disappears and leaves behind...|Заколдованный валун исчезает, оставляя после себя…
287|Enchanted Boulder|Зачарованный валун
288|The Enchanted Boulder speaks:{a}My fifth is in wind but not in gale.|Заколдованный валун говорит:{a}Моя пятая буква есть в ----, но её нет в -----.
289|The boulder disappears and leaves behind...|Заколдованный валун исчезает, оставляя после себя…
290|Enchanted Boulder|Зачарованный валун
291|The Enchanted Boulder speaks:{a}My sixth is in glimpse and also in sight.|Заколдованный валун говорит:{a}Моя шестая буква есть в ---- и в -----.
292|The boulder disappears and leaves behind...|Заколдованный валун исчезает, оставляя после себя…
293|Enchanted Boulder|Зачарованный валун
294|The Enchanted Boulder speaks:{a}My last is in night but not in light.|Заколдованный валун говорит:{a}Моя последняя буква есть в слове ночь и в слове день.
295|The boulder disappears and leaves behind...|Заколдованный валун исчезает, оставляя после себя…
296|Lamp|Лампа
297|Genie{a}{9:125}of the Lamp|Джин{a}{9:125}из лампы
298|Lucky day!  For freeing me, I will grant you one of the following three wishes:|Счастливый день! За своё освобождение и исполню одно из этих трёх желаний:
299|1) 500,000 experience{a}2) 10,000 gold{a}3) 500 gems|1) 500 000 опыта{a}2) 10 000 золотых{a}3) 500 самоцветов
300|Enter?|Войти?
301|SOMEONE in the party got the munchies and ate all the food!|КТО-ТО в отряде повёл себя, как свинья, и сожрал всю еду.
302|Enter the Great Pyramid?|Войти в Великую пирамиду?
303|No one is allowed in the Great Pyramid without a key!|Никто не попадёт в Великую пирамиду без ключа!
304|====|====
305||
306||
307||
308|Enter Mine?|Войти в шахту?
309|Lamp|Лампа
310|Genie{a}{9:125}of the Lamp|Джин{a}{9:125}из лампы
311|Lucky day!  For freeing me, I will grant you one of the following three wishes:|Счастливый день! За своё освобождение и исполню одно из этих трёх желаний:
312|1) 500,000 experience{a}2) 10,000 gold{a}3) 500 gems|1) 500 000 опыта{a}2) 10 000 золотых{a}3) 500 самоцветов
313|You've found an Ogre fort, but the Ogres are out hunting.  Burn?|Вы нашли Форт Огров. Огры сейчас на охоте. Сжечь его?
314|The fort collapses in a heap of burning timbers and smoldering ash.  +100,000 experiece.|Форт превращается в кучу горящих брёвен и дымящегося пепла. +100 000 опыта
315|Graalg{a}{9:125}The Ogre Chief|Граалг{a}{9:125}вождь огров
316|I am Graalg, chief of the Ogres.  Speak.  If I don't like what I hear, Ogres pull your arms out of sockets and eat them.|Я Граалг, вождь огров. Говори. Если мне не понравится то, что я услышу, огры оторвут вам руки и съедят их.
317|1) We come to you bearing gifts, mighty Graalg.  Please, take these 5000 gold.{a}{a}2) We have come as representatives of the Dragon Pharaoh to ask that you uphold your oath of fealty.{a}{a}3) Bow low before us, slave.  We are your conquerers.|1) Мы принесли вам дары, великий Граалг. Пожалуйста, примите эти 5 000 золотых.{a}{a}2) Мы здесь в качестве представителей Дракона Фараона, и хотим спросить, клянётесь ли вы ему в верности.{a}{a}3) Пади пред нами на колени, раб. Мы ваши завоеватели.
318|We accept gift and won't pull your arms out of sockets today.  What do you want?|Мы принимаем ваш подарок и не будем отрывать вам руки сегодня. Чего вы хотите?
319|1) We need information{a}{a}2) We need your help in our fight against Alamar.{a}{a}3) We are looking for energy disks.  Do you have any?|1) Нам нужна информация.{a}{a}2) Нам нужна ваша помощь в борьбе против Аламара.{a}{a}3) Мы ищем энергетические диски. Есть ли они у вас?
320|What do you want to know?|Что ты хочешь узнать?
321|1) Tell us about yourselves.{a}{a}2) Tell us about the Sardaj.{a}{a}3) Tell us about the Orcs.|1) Расскажите нам о себе.{a}{a}2) Расскажите нам о сардаях.{a}{a}3) Расскажите нам об орках.
322|We are Ogres!  We take what we want.  Yesterday, we took the Sardaj's Energy disks!|Мы огры! Мы берём, что захотим. Вчера мы взяли энергетические диски у сардаев!
323|The Sardaj are weak.  Their Giant friends are weak.  We are strong.|Сардаи слабые. Их друзья великаны слабые. Мы сильные.
324|The Orcs captured a sprite a little while ago...Har! (snort) Har!  They sacrifice them to their God sometimes.|Не очень давно орки выкрали фею... Хр-р! (шморк) Хр-р! Иногда они приносят их в жертву своему богу.
325|Hmmm.  We didn't know you fight against Alamar.  He pay us much gold to be on his side.  We must kill you now.  Sorry.|Хм. Мы не знали, что вы сражаетесь против Аламара. Он платить нам много золота, чтобы мы были на его стороне. Мы должны убить вас прямо сейчас. Извините.
326|(grunt) Here are two energy disks.|(хрю) Вот два энергетических диска.
327|We have no more energy disks.|У нас больше нет энергетических дисков.
328|The Dragon Pharoah is chief of nothing, now.  Alamar is chief.  We work for Alamar.  We pull your arms out of socket now.|Дракон Фараон теперь не правитель. Аламар - правитель. Мы работаем на Аламара. А сейчас мы оторвём вам руки.
329|You search the fort and find 2 energy disks.|Вы обыскали форт и нашли 2 энергетических диска.
330|Har Har Har!  We LIKE!  You make big laugh!  You friends.  What you need?|Ха-ха-ха! Нам нравится! Вы делаете большой смех! Вы друзья. Что вам нужно?
331|1) We need information.{a}{a}2) We need your help in our fight against Alamar.{a}{a}3) We demand that you turn over all energy disks in your possession.|1) Нам нужна информация.{a}{a}2) Нам нужна ваша помощь в борьбе против Аламара.{a}{a}3) Мы требуем, чтобы вы вернули все энергетические диски, что у вас есть.
332|We didn't know you fight against Alamar.  He pay us much gold to be on his side.  Because we like you, we pretend you didn't say that.|Мы не знали, что вы сражаетесь против Аламара. Он платит нам много золота, чтобы мы были на его стороне. Так как вы нам нравитесь, мы сделаем вид, что вы этого не говорили.
333|====|====
334||
335|Ghost Ship|Корабль-призрак
336|Troll Hole.  Enter?|Яма тролля. Войти?
337|Troll Hole.  Enter?|Яма тролля. Войти?
338|Inside the hut you find a basket labeled "Forbidden Fruit".|В хижине вы нашли корзину с надписью "Запретный плод".
339|Blueberries|Черника
340|+10 Personality (permanent).|+ 10 к силе духа (постоянно).
341|Yuk! The blueberries of insanity.|Тьфу! Черника безумия.
342|Will the party pray?|Будет ли отряд молиться?
343|The Gods are silent.|Боги молчат.
344|The Gods are pleased and smile down upon the party.  +10 to all statistics.|Боги благоволят отряду. +10 ко всем показателям.
345|South{a}Tower ->|Южная{a}башня ->
346|Well of Elemental Resistance|Колодец защиты от стихий
347|The water is cool and refreshing.|Вода прохладная и освежающая.
348|Your body feels strange:  hot and cold and light and heavy, all at the same time.  +50 elemental resistance.|Вы чувствуете себя очень странно: жар и холод, лёгкость и тяжесть, одновременно. +50 к защите от стихий.
349|====|====
350||
351|Xanthus{a}{9:125}the Wizard|Ксантус{a}{9:125}волшебник
352|A treasure map.  Hmmm.  Perhaps it leads to something interesting, perhaps not.  I am willing to look, whereas you don't really have the time, do you?  I'll tell you what:  Why don't you sell me the map for oh, say, 2000 gems?|Карта сокровищ. Хм. Возможно, она приведёт к чему-то интересному, а возможно, и нет. Я готов проверить, коль у вас нет на это времени, не так ли? Вот что я скажу: Почему бы вам не продать мне карту за, скажем, 2 000 самоцветов?
353|Slibo{a}{9:125}the Wizard|Слибо{a}{9:125}волшебник
354|You should try out the magic fountain around here.  I've set up camp right here, and I plan on draining the magic of the fountain for at least ten more years.  But feel free to use it--there's plenty of power for everyone.|Вы должны попробовать воду из местного волшебного фонтана. Я остановился здесь и планирую пользоваться магией фонтана ещё не менее десяти лет. Однако не стесняйтесь использовать его - его силы хватит для всех.
355|Fountain of Great Magic|Фонтан Великой магии
356|The water is cool and refreshing.|Вода прохладная и освежающая.
357|As the water passes your lips, your body feels light and your head swims with the power you hold.  +1000 spell points.|Как только вода касается ваших губ, ваше тело наполняется светом, а голова начинает кружиться от полученной силы. +1000 очков магии.
358|Go away.  You have nothing I want!|Уходите. У вас для меня ничего нет.
359|AT LAST!!!  THE OTHER HALF OF THE MAP TO THE FABLED TREASURE OF JIBBO MOX!  I will be rich!  Rich!  Goodbye, fools!  I am off to the Desert of DOOM!|НАКОНЕЦ-ТО!!! ДРУГАЯ ПОЛОВИНА КАРТЫ СКАЗОЧНЫХ СОКРОВИЩ ДЖИББО МИКСА! Я буду богат! Богат! Прощайте, дураки! Я направляюсь в пустыню Судьбы!
360|Woodpile|Охапка дров
361|Animal trap!|Капкан!
362|====|====
363||
364||
365||
366||
367||
368|North{a}<- Tower|Северная{a}<- башня
369|Leafpoint{a}{9:125}the Tree|Лиственник{a}{9:125}дерево
370|Hmmmm.  I have before me some barbaric ambulators.  You are too uncivilized to speak to.  Go and play under someone else's branches until you are civilized.|Хм. Чувствую перед собой несколько диких шагомеров. Вы слишком неокультуренные, чтобы говорить. Идите играть под ветвями кого-нибудь другого, пока не окультуритесь.
371|Hello, civilized ones!  I am the oldest tree in Xeen.  We trees on Darkside have roots, roots that go deep in the ground, roots that touch the roots of trees on the other side of the world.  We talk, and we listen.  One day...While I was arguing the validity of Xeno's theory of inifinity...You know--the one about why a rock thrown at a tree (shudder) will never get there because first it must go halfway to the tree, but before it can go halfway to the tree it must go halfway to the halfway to the tree...And of course must go halfway to the halfway to the halfway to the tree ad infinitum and so therefore never leaves the thrower's hand because the rock is always going halfway to the halfway.  (yawn)  ZZZZZZZZZZZZZZZZZZZZZZZZZZZZZzzzzzzzzzzzzzzzzzzzzzzzzzzzzzzzzzzzzzzzzzzzzzzzzzzzzzzzzzzzzzzzzzzzzzzzzzzzzzzzzzzzzzzzzzzzzzzzzzzzzzzzzzzzzzzzzzzzzzzzzzzzzzzzzzzzzzzzzzzzzzzzzzzzzzzzzzzzzzzzzzzzzzzzzzzzzzzzzzzzzzzzzzzzzzzzzzzzzzzzzzzzzzzzzzzzzzzzzzzzzzzzzzzzzzzzzzzzzzzzzzzzzzzzzzzzzzzzzzzzzzzzzzzzzzzzzzzzzzzzzzzzzzzzzzzzzzzzzzzzzzzzzzzzzzzzzzzzzzzzzzzzzzzzzzzzzzzzzzzzzzzzzzzzzzzzzzzzzzzzzzzzzzzzzzzzzzzzzzzzzzzzzzzzzzzzzzzzzzzzzzzzzz...|Приветствую, окультуренные! Я самое старое дерево в Ксине. У нас, деревьев на Тёмной стороне есть корни, корни, которые уходят глубоко в землю, корни, которые касаются корней деревьев на другой стороне мира. Мы говорим, и мы слушаем. Однажды... Я оспаривал теорию бесконечности Зенона... Знаете... О том, почему камень, брошенный в дерево (вздрагивает) никогда не попадёт, потому что сначала он должен преодолеть полпути к дереву, но прежде, чем он это сделает, он должен преодолеть полпути от полпути к дереву... и, само собой, он должен преодолеть полпути от полпути от полпути к дереву, и так до бесконечности, поэтому камень никогда не оставит руку бросающего, потому что он всегда преодолевает полпути от полпути. (зевает)
372|The tree has fallen asleep.  Do you want to keep listening?|Дерево заснуло. Хотите его разбудить и слушать дальше?
373|The acceptance of this postulate leads one to see that not only could the rock not leave the thrower's hand, but that he should never have been born, nor should his mother, nor his grandmother, or even the universe itself!  Therefore, the universe has no business existing at all, let alone getting on with time.  Unfortunately, the rock DOES hit the tree, so that blows THAT theory all to...um...ah...ZZZZZZZzzzzzzzzzzzzzzzzzzzzzzzzzzzzzzzzzzzzzzzzzzzzzzzzzzzzzzzzzzzzzzzzzzzzzzzzzzzzzzzzzzzzzzzzzzzzzzzzzzzzzzzzzzzzzzzzzzzzzzzzzzzzzzzzzzzzzzzzzzzzzzzzzzzzzzzzzzzzzzzzzzzzzzzzzzzzzzzzzzzzzzzzzzzzzzzzzzzzzzzzzzzzzzzzzzzzzzzzzzzzzzzzzzzzzzzzzzzzzzzzzzzzzzzzzzzzzzzzzzzzzzzzzzzzzzzzzzzzzzzzzzzzzzzzzzzzzzzzzzzzzzzzzzzzzzzzzzzzzzzzzzzzzzzzzzzzzzzzzzzzz...|Принятие этого постулата ведёт к тому, что не только камень может не покинуть руку метателя, но и что метатель может не быть рождён, ни его мать, ни его бабушка, или даже сама Вселенная! Следовательно, Вселенная перестаёт существовать вообще, не говоря уже о времени. К сожалению, камень попал в дерево, что применительно к данной теории означает...(зевает)......
374|Well, suffice it to say that the mind boggles.  Hrmmpph.  As I was saying before, I was talking with my fellows on the other side of the world, and they told me about your heroic struggle to save the trees on the other side of the world.  We trees of Darkside commend your efforts to rid the world of the plague of bark-eating trolls upon the land.  In recognition of your noble efforts, we have searched the ground for buried treasure, and can tell you with confidence to dig in Area E4 at 0,13 for the gold your people value so highly.|Ну, достаточно сказать, что уму непостижимо. Хррррумпф. Как я уже говорил раньше, я разговаривал с моими коллегами на другой стороне земного шара, и они сказали мне о вашей героической борьбе за спасение деревьев. Мы, деревья Тёмной Стороны, приветствуем ваши усилия по избавлению мира от чумы троллей-короедов. В знак признательности за ваши благородные усилия мы скажем вам, что нашли закопанный в землю клад с золотом, которое ваши люди ценят так высоко, и который вы можете выкопать в районе с координатами Е4 на 0,13.
375|Ah, the civilized ones!  Always good to see you.|А, окультуренные! Всегда рад вас видеть.
376|Ector{a}{9:125}The Woodsman|Эктор{a}{9:125}дровосек
377|Oh, I don't know what to do.  I've lost my gold ring.  It was a family heirloom given to me by my father and now I have lost it.  It must have come off while I was chopping and stacking wood in the forest.  If you come across any woodpiles in your travels, perhaps you could search them for my ring.  If you return my ring, I could reward you.|О, я не знаю, что делать. Я потерял своё золотое кольцо. Это была семейная реликвия, которая досталась мне от отца, а я его потерял. Должно быть, это случилось, когда я колол и укладывал дрова в лесу. Если в своих поисках вы наткнётесь на какую-нибудь поленницу, возможно, в ней вы найдёте моё кольцо. Если вы вернёте мне кольцо, я вознагражу вас.
378|Haven't found my ring?  I haven't either.  Please keep looking.|Не нашли моё кольцо? Я тоже. Пожалуйста, продолжайте искать.
379|Oh, thank you so much for finding my ring.  It means so much to me.  Here, take my obsidian battleaxe as a reward. +500,000 experience.|О, спасибо вам большое за то, что нашли моё кольцо. Она так много для меня значит. Вот, возьмите в качестве награды мой обсидиановый боевой топор. +500 000 Опыт.
380|Oh, it's the ring finders!  Thanks again, folks!|О, это искатели колец! Ещё раз спасибо, ребята!
381|Animal trap!|Капкан!
382|====|====
383||
384|You found an emerald handle.|Вы нашли изумрудную головку.
385|Troll Hole.  Descend?|Яма тролля. Спуститься?
386|Aldo,{a}{9:125}The Food Vendor|Альдо{a}{9:125}торговец продуктами
387|Iguana!  Get yer sun dried iguana innards over here, folks!  Just 100 gold.|Игуана! Хотите купить высушенные на солнце внутренности игуаны, ребята! Всего 100 золотых.
388|Luigi{a}{9:125}The Tailor|Луиджи{a}{9:125}портной
389|I sell the finest robes the world has to offer.  Demand is so high, and production so slow, that I am forced to charge 50,000 gold.  Will you buy my robes?|У меня в продаже самая лучшая в мире одежда. Спрос настолько высок, а производство такое медленно, что я вынужден просить 50 000 золотых. Будете покупать мою одежду?
390|Katrina{a}{9:125}The Jeweler|Катрина{a}{9:125}ювелир
391|I have a magic necklace machine that turns out powerful necklaces when you feed it gems.  I can make a necklace for you for 500 gems and 50,000 gold.|У меня есть станок для производства волшебных ожерелий, который изготавливает мощные ожерелья, если засыпать в него самоцветы. Я могу сделать вам ожерелье за 500 самоцветов и 50 000 золотых.
392|Buckler{a}{9:125}the Belt Maker|Баклер{a}{9:125}изготовитель ремней
393|How about a quality belt to go along with your armor?  Just 30,000 gold!|Как насчёт качественного ремня, который дополнит вашу броню? Всего 30 000 золотых!
394|Erica{a}{9:125}the Boot Merchant|Эрика{a}9:125}торговец обувью
395|I have 7 league boots for sale...special price, today only, 20,000 gold.  Are you interested?|У меня есть на продажу 7 чемпионских ботинки... Только сегодня по специальной цене. Всего 20 000 золотых. Вам интересно?
396|Caleb{a}{9:125}the Inventor|Калеб{a}{9:125}изобретатель
397|Well, this is just great!  How am I supposed to get any work done?  My magnifying glass is missing and I can't see what I'm working on without it.  Do you think you could find it for me?|Просто блеск! И как мне чем-то заниматься? Моя лупа пропала, а без неё я ничего не вижу и ничего не могу делать. Как думаете, вы смогли бы её найти?
398|Well, that's just fine.|Ну, это просто отлично.
399|Well that's great!  Thanks!|Ну, это здорово! Благодарю!
400|How wonderful!  You have located my magnifying glass.  Can't thank you enough.  Take this gold as a reward. +500,000 experience.|Как чудесно! Вы нашли мою лупу. Не знаю, как вас благодарить. Возьмите это золото в качестве награды. +500 000 опыта.
401|Always nice to see you!|Всегда рад вас видеть!
402|East Tower{a}--->|Восточная башня {a}--->
403|Desert{a}of Doom|Пустыня{a}Судьбы
404|The Portal has been destroyed.|Портал уничтожен.
405|Robe|Одежда
406|Necklace|Ожерелье
407|I see you didn't find my magnifying glass.  You know, I did see a couple of gargoyles loitering around my tent the other day.  Maybe they stole it.|Вижу, вы не нашли мою лупу. Знаете, несколько дней назад я видел пару горгулий, которые тёрлись около моей палатки. Может быть, они её украли.
408|I see that your packs are full of food already so I'm afraid I can't sell you any more.|Вижу, ваши рюкзаки уже полны еды. Боюсь, что не смогу продать вам больше.
409|====|====
410||
411|Cornelius{a}{9:125}The Leprechaun|Корнелиус{a}{9:125}гном
412|Spotting secret doors is an art that has taken many years to master, but I could teach you in a matter of minutes for 500 gold.|Обнаружение потайных дверей - это искусство, на освоение которого нужно много лет, но за 500 золотых я могу обучить вас ему за несколько минут.
413|You've found the pot o' gold at the end of the rainbow!|На конце радуги вы нашли горшок с золотом!
414|Troll Hole.  Descend?|Яма тролля. Спуститься?
415|Troll Hole.  Descend?|Яма тролля. Спуститься?
416|Troll Hole.  Descend?|Яма тролля. Спуститься?
417|Ouch! Low Branch!|Ой! Слабая ветка!
418|Inside the hut you find a basket labeled "Forbidden Fruit".|В хижине вы нашли корзину с надписью "Запретный плод".
419|Pear|Груша
420|You feel a numbness fill your body as you bite into the pear of paralysis.|Вы чувствуете онемение во всём теле, как будто вы откусили грушу паралича.
421|Inside the hut you find a basket labeled "Forbidden Fruit".|В хижине вы нашли корзину с надписью "Запретный плод".
422|Apple|Яблоко
423|+10 Might (permanent).|+10 к силе (постоянно).
424|Yuk! A witch apple!.|Тьфу! Яблоко ведьмы.
425|Inside the hut you find a basket labeled "Forbidden Fruit".|В хижине вы нашли корзину с надписью "Запретный плод".
426|Blueberries|Черника
427|You feel your sanity slip away as you swallow the bitter fruit.|Вы чувствуете, что теряете рассудок, после того как проглотили горькие ягоды.
428|Inside the hut you find a basket labeled "Forbidden Fruit".|В хижине вы нашли корзину с надписью "Запретный плод".
429|Plum|Слива
430|You fall to the floor as the last traces of conciousness slip from your body.|Вы падаете на пол после того, как полностью теряете сознание.
431|Inside the hut you find a basket labeled "Forbidden Fruit".|В хижине вы нашли корзину с надписью "Запретный плод".
432|Banana|Банан
433|+10 Accuracy (permanent).|+10 к меткости (постоянно).
434|Spot Secret Doors|Показать потайные двери
435|Yuk! The banana of love!|Тьфу! Банан любви!
436|====|====
437||
438|Fountain of Great Resilience|Фонтан Великой устойчивости
439|The water is cool and refreshing.|Вода прохладная и освежающая.
440|+500 Hit Points.|+500 здоровья.
441|There seems to be no way in.|Похоже, тут нет входа.
442|Ambrose{a}{9:125}The Queen's Knight|Эмброз{a}{9:125}рыцарь королевы
443|Hello again, Adventurers.  I've been trying to rescue Queen Kalindra, but these vampires are too powerful for me to defeat.  Perhaps you can help me.  I do have the only means to get into the castle.  Would you like my griffin to fly you inside?|И снова здравствуйте, искатели приключений. Я пытался спасти королеву Калиндру, но эти вампиры слишком сильны для меня. Возможно, вы сможете мне помочь. У меня есть единственное средство, чтобы попасть в замок. Желаете, чтобы мой грифон занёс вас внутрь?
444|Do you wish to destroy the Gargoyle Lair?|Вы хотите уничтожить Горгулье гнездо?
445|With great effort, you pound roosting rocks to powder and scatter the dust to the wind.  +100,000 experience.|С неимоверными усилиями вы растираете камни в порошок и развеиваете пыль по ветру. +100 000 опыта.
446|Animal trap!|Капкан!
447|Hello again, Adventurers.  Would you like my griffin to fly you inside?|И снова здравствуйте, искатели приключений. Желаете, чтобы мой грифон занёс вас внутрь?
448|====|====
449||
450|Enter the Isle of Lost Souls Dungeon?|Войти в подземелье острова Потерянных душ?
451|Mirabeth{a}Point|Вершина{a}Мирабет
452|Fountain of Magic Resistance|Фонтан защиты от магии
453|The water is cool and refreshing.|Вода прохладная и освежающая.
454|+50 Magic Resistance.|+50 защиты от магии
455|Isle of{a}Lost Souls|Остров{a}Потерянных душ
456|====|====
457||
458|Ouch! Low Branch!|Ой! Слабая ветка!
459|Inside the hut you find a basket labeled "Forbidden Fruit".|В хижине вы нашли корзину с надписью "Запретный плод".
460|Orange|Апельсин
461|As you sink your teeth into the flesh of the tasty fruit you very quickly become sleepy.|Как только вы вонзаете свои зубы в мякоть плода, вас сразу начинает клонить в сон.
462|Inside the hut you find a basket labeled "Forbidden Fruit".|В хижине вы нашли корзину с надписью "Запретный плод".
463|Banana|Банан
464|As you down the banana of love, you become very amorous.|Как только вы съедаете банан любви, вы становить очень любвеобильным.
465|====|====
466||
467||
468||
469||
470||
471|Inside the hut you find a basket labeled "Forbidden Fruit".|В хижине вы нашли корзину с надписью "Запретный плод".
472|Coconut|Кокос
473|+10 Luck (permanent).|+10 к удаче (постоянно).
474|Yuk! The coconut of unconsciousness.|Тьфу! Кокос беспамятства.
475|Venom{a}Pond|Пруд{a}Ненависти
476|Fountain of Great Protection|Фонтан Великой защиты
477|The water is cool and refreshing.|Вода прохладная и освежающая.
478|+50 Armor Class.|+50 к классу защиты
479|{3:c}{b:010}Nothing here.|{3:c}{b:010}Здесь ничего нет.
480|Celia and Derek|Селия и Дерек
481|Welcome to our home!  After you rescued Celia from the Zombies, we got married and moved to this lovely cottage.  We've heard you are trying to rid Darkside of that wicked tyrant Alamar, and we thought that you could use this sword in your quest against him.|Добро пожаловать в наш дом! После спасения Селии от зомби мы поженились и переехали в этот прекрасный домик. Мы слышали, что вы пытаетесь избавить Тёмную сторону от злого тирана Аламара и подумали, что вам может пригодиться этот меч.
482|Good to see you again.  We hope the sword has come in handy!|Рады вас видеть. Надеемся, что меч вам пригодится!
483|Thaddeus{a}{9:125}the Fountain Keeper|Фаддей{a}{9:125}смотритель фонтана
484|A terrible thing has happened.  The Jewel of Ages has been stolen from its place in the fountain.  Now the once youth giving waters of the fountain have turned back to venom.  If you recover the jewel, I'll be able to restore the fountain.  Unfortunately, the only help I can offer is to give you this key to the Great Southern Tower.  It was dropped by one of the thieves in his haste to escape.|Случилось страшное. Из фонтана было украдено древнее сокровище. Теперь вода, которая раньше омолаживала, превратилась в яд. Если вы вернёте сокровище, я смогу восстановить фонтан. К сожалению, единственная помощь, которую я могу предложить, - этот ключ от Великой южной башни. Его обронил один из воров, когда убегал.
485|Without the Jewel of Ages, I cannot restore the fountain.  See if you can find a clue to its whereabouts in the Great Southern Tower.|Без древнего сокровища я не могу восстановить фонтан. Возможно, вы сможете найти подсказку о его местонахождении в Великой южной башне.
486|You've found the Jewel of Ages!  Let me place it in its rightful place.  Now see as the Jewel restores the magical waters of the fountain.  You can now come and drink here whenever you feel the effects of unnatural aging. +1,000,000 experience.|Вы нашли древнее сокровище! Позвольте мне поместить его на своё законное место. Давайте посмотрим, как сокровище восстановит магические воды фонтана. Теперь вы можете приходить сюда и пить из фонтана, когда будете чувствовать последствия неестественного старения. +1 000 000 опыта.
487|Fountain of Youth|Фонтан молодости
488|The fountain removes all effects of unnatural aging.|Фонтан снимает все эффекты неестественного старения.
489|====|====
490||
491|Fire Sleeper|Спящий огня
492|bogus|богус
493|The Guardian has not informed me of your status as Chosen Ones.  Much as I would like to, I am unable to fully awaken.|Хранитель не сообщил мне о вашем статусе в качестве избранных. Как бы мне не хотелось, я не могу полностью пробудиться.
494|Plaque|Табличка
495|A message at the base of the statue reads:  {a}Step One:  When the time is right, activate the machines in the four corners of the other side of the world.|Сообщение на постаменте статуи гласит: {a}Шаг первый: когда придёт время, активировать машины в четырёх углах на другой стороне мира.
496|Chest|Сундук
497|Accept the test of Fire?|Принять испытание огнём?
498|I am awake and my confidence is at 100%.  Awaiting Grunfeld field activation.|Я пробудился и моя уверенность 100%. Ожидаю включения поля Грюнфельда.
499|I am awake and my confidence is at 100%.  Grunfeld field generator is active and reports 100% confidence.|Я пробудился и моя уверенность 100%. Генератор поля Грюнфельда включён и докладывает о 100% уверенности.
500|====|====
501||
502|Air Sleeper|Спящий воздуха
503|The Guardian has not informed me of your status as Chosen Ones.  Much as I would like to, I am unable to fully awaken.|Хранитель не сообщил мне о вашем статусе в качестве избранных. Как бы мне не хотелось, я не могу полностью пробудиться.
504|Plaque|Табличка
505|A message at the base of the statue reads:  {a}Step Two:  Awaken the Four Sleepers of Darkside.|Сообщение в основании статуи гласит: {a}Шаг второй: пробудить четырёх спящих Тёмной стороны.
506|Chest|Сундук
507|Accept the test of Air?|Принять испытание воздухом?
508|I am awake and my confidence is at 100%.  Awaiting Grunfeld field activation.|Я пробудился и уверен на 100%. Ожидание включения поля Грюнфельда.
509|I am awake and my confidence is at 100%.  Grunfeld field generator is active and reports 100% confidence.|Я пробудился и уверен на 100%. Генератор поля Грюнфельда включён и докладывает о 100% уверенности.
510|====|====
511||
512|Earth Sleeper|Спящий земли
513|The Guardian has not informed me of your status as Chosen Ones.  Much as I would like to, I am unable to fully awaken.|Хранитель не сообщил мне о своём статусе в качестве Избранного. Как бы мне не хотелось, я не могу полностью пробудиться.
514|Plaque|Табличка
515|A message at the base of the statue reads:  {a}Step three:  Bring together the Cube of Power and the Scepter of Temporal Distortion.|Сообщение в основании статуи гласит: {a}Шаг третий: объединить куб силы и скипетр искривления времени.
516|Chest|Сундук
517|Accept the test of Earth?|Принять испытание землёй?
518|I am awake and my confidence is at 100%.  Awaiting Grunfeld field activation.|Я пробудился и уверен на 100%. Ожидание включения поля Грюнфельда.
519|I am awake and my confidence is at 100%.  Grunfeld field generator is active and reports 100% confidence.|Я пробудился и уверен на 100%. Генератор поля Грюнфельда включён и докладывает о 100% уверенности.
520|====|====
521||
522|Water Sleeper|Спящий воды
523|The Guardian has not informed me of your status as Chosen Ones.  Much as I would like to, I am unable to fully awaken.|Хранитель не сообщил мне о своём статусе в качестве Избранного. Как бы мне не хотелось, я не могу полностью пробудиться.
524|Plaque|Табличка
525|A message at the base of the statue reads:  {a}Step Four:  Travel to the shrine on the Cloud above Darkstone Tower.|Сообщение в основании статуи гласит: {a}Шаг четвёртый: отправиться в храм на небесах над Башней Тёмного камня.
526|Chest|Сундук
527|Accept the test of Water?|Принять испытание водой?
528|I am awake and my confidence is at 100%.  Awaiting Grunfeld field activation.|Я пробудился и уверен на 100%. Ожидание включения поля Грюнфельда.
529|I am awake and my confidence is at 100%.  Grunfeld field generator is active and reports 100% confidence.|Я пробудился и уверен на 100%. Генератор поля Грюнфельда включён и докладывает о 100% уверенности.
530|====|====
531||
532|Descend into the sewers?|Спуститься в стоки?
533|Bed|Кровать
534|{3:c}{b:010}Nothing here.|{3:c}{b:010}Здесь ничего нет.
535|Jasper|Джаспер
536|{3:c}{b:010}Nothing here.|{3:c}{b:010}Здесь ничего нет.
537|{3:c}{b:010}Nothing here.|{3:c}{b:010}Здесь ничего нет.
538|This bench reserved for{a}Lyle the Pigeon Feeder|Эта скамейка занята для{a}Лайлы - заводчицы голубей
539|Ellinger has a great fondness for boots.|Эллинджер сильно помешан на обуви.
540|Isn't it awful?  The Queen has been captured by Alamar and turned into a vampire!  Now Man and Monster take up arms against one another like in the old days.  It is the begining of the end. These are the final days! Ruin is upon us!  We are doomed, DOOMED I tell you! Ahahahahahahahaahah!|Разве это не ужасно? Аламар схватил королеву и превратил её в вампира! Теперь люди и монстры направили своё оружие друг против друга, как в старые времена. Это качало конца. Это последние дни! Наша погибель близка! Мы обречены, ОБРЕЧЕНЫ, я вам говорю! Ахахахахахахахаахах!
541|Aye, these are dark days, indeed.  The land needs heroes now more than ever or we are done for.  Someone must somehow get in to see Ellinger and alert him to the danger Alamar presents to us all, but he locked the door and trapped the tower so he wouldn't be disturbed.|Да, это тёмные дни, что есть, то есть. Сейчас земля нуждается в героях больше чем когда-либо, иначе с нами будет покончено. Кто-то должен как-то войти внутрь и встретиться с Эллинджером, чтобы предупредить его об опасности, которую Аламар представляет для всех нас. Но он запер дверь в башню и установил ловушки, чтобы его никто не беспокоил.
542|Don't trust Joe.  He has some sort of scheme to sell fake treasure maps to fools willing to believe his lies about buried treasure.|Не доверяйте Джо. У него есть какая-то схема, по которой он продаёт фальшивые карты сокровищ дуракам, поверившим его вранью о зарытых сокровищах.
543|The Gremlins sure have ruined this city.  Mayor Snarfblad is too nice.  He should have executed those little creeps long ago.|Гремлины уничтожили этот город. Мэр Снарфблэд слишком мягкий. Он уже давным-давно должен был избавиться от этих мелких негодников.
544|Be sure to learn the Navigation skill before you walk in the desert.  I didn't and learned the hard way how long it can take to get from one side to the other.|Обязательно овладейте навыком навигации, прежде чем отправитесь в пустыню. К сожалению, я усвоил этот урок на своём горьком опыте после того, как уйму времени потратил, чтобы её перейти.
545|It takes at least two pathfinders or mountaineers to travel through the forest and the mountains.|Чтобы пройти через лес и перейти через горы, вам необходимо как минимум два следопыта и скалолаза.
546|Every city requires a pass to enter since Alamar took over.  I know that someone is selling passes to Castleview just outside the city for cheap.  Be sure to get one before you try to get back inside the town.|После того как Аламар пришёл к власти, теперь каждый город требует пропуск. Я слышал, что кто-то продаёт дешёвые пропуска в Каслвью недалеко от города. Озаботьтесь достать один, прежде чем соберётесь опять вернуться в город.
547|Chest|Сундук
548|A number on the lid reads:  1|На крышке цифра "1"
549|A number on the lid reads:  2|На крышке цифра "2"
550|A number on the lid reads:  3|На крышке цифра "3"
551|A number on the lid reads:  4|На крышке цифра "4"
552|A number on the lid reads:  5|На крышке цифра "5"
553|A number on the lid reads:  6|На крышке цифра "6"
554|A number on the lid reads:  7|На крышке цифра "7"
555|A number on the lid reads:  8|На крышке цифра "8"
556|A number on the lid reads:  9|На крышке цифра "9"
557|+50,000 experience.|+50 000 опыта.
558|A letter on the lid reads:  P|На крышке буква "P"
559|A letter on the lid reads:  I|На крышке буква "I"
560|A letter on the lid reads:  T|На крышке буква "T"
561|A letter on the lid reads:  C|На крышке буква "C"
562|A letter on the lid reads:  H|На крышке буква "H"
563|A letter on the lid reads:  F|На крышке буква "F"
564|A letter on the lid reads:  O|На крышке буква "O"
565|A letter on the lid reads:  R|На крышке буква "R"
566|A letter on the lid reads:  K|На крышке буква "K"
567|+250,000 experience.|+250 000 опыта.
568|Trees|Деревья
569|{3:c}{b:010}Nothing here.|{3:c}{b:010}Здесь ничего нет.
570|Metla{a}{9:125}the Rosterkeeper|Метла{a}{9:125}Хранитель Списка
571|You will have a hard time finding spells if you don't look for them in the guild.  I'll put your name on the Guild roll for a mere 50 gold.|Вам будет сложно найти заклинания, если вы будете делать это не в гильдии. Я впишу ваше имя в список членов гильдии всего лишь за 50 золотых.
572|Guild|Гильдия
573|Jojosh{a}{9:125}the Taskmaster|Йойош{a}{9:125}Работодатель
574|Wanna job?  I'll put you to work for 50 gold a week.  No experience necessary.  Waddaya say?|Нужна работа? Я плачу 50 золотых в неделю. Опыт не обязателен. Чё скажете?
575|Imble{a}{9:125}the Monk|Имбл{a}{9:125}Монах
576|Don't listen to the Drawkcab Monks.  Little of what they say makes sense, and what little makes sense is just plain wrong!  They've got it all backwards.|Не слушайте монахов Дерепан Модаз. Мало что ими сказанное имеет смысл, а из того что имеет, мало что представляет интерес! Они всё понимают задом наперёд.
577|Tanya{a}{9:125}the Floozy|Таня{a}{9:125}Шлюшка
578|The Gremlin King has more bark than bite.  He'll send his guards against you, but he's too cowardly to fight you personally.  If you defeat his guards, he will probably do anything you want.|Король гремлинов больше лает, чем кусает. Он пошлёт против вас своих охранников, но он слишком труслив, чтобы сразиться с вами лично. Если вы победите его охранников, скорее всего, он сделает всё, что вы захотите.
579|Troyanna{a}{9:125}the Mindreader|Троянна{a}{9:125}Телепат
580|What's on your mind?  Don't tell me...Ah! You are looking for the owner of that orb you're carrying.  I can't tell who it belongs to--that's a different trick.  Why don't you try Neena the Gypsy.  She knows about that sort of stuff.|О чём вы думаете? Не говорите… Ага! Вы ищите владельца сферы, которая у вас с собой. Я не могу сказать, кому она принадлежит - это уже не ко мне. Почему бы вам не спросить у Цыганки Нины. Она понимает в вещах такого рода.
581|Esteban{a}{9:125}the Adventurer|Эстебан{a}{9:125}Искатель приключений
582|Don't waste your time chasing treasure that runs from you.  You can't catch it.|Не тратьте своё время, гоняясь за сокровищем, которое ускользает от вас. Вы не можете поймать его.
583|Bleys{a}{9:125}the Burglar|Блейз{a}{9:125}Медвежатник
584|Each tower requires a key for entry... but sometimes they leave the door on top of the towers unlocked.  You may be able to get into some towers from the skyroads above Darkside.|Чтобы попасть в любую башню нужен ключ… но иногда двери в верхней части башен оставляют не запертыми. Вы можете попасть внутрь таких башен с небесных путей, проходящих над Тёмной стороной.
585|Gloria{a}{9:125}the Dreamer|Глория{a}{9:125}Мечтатель
586|Perhaps Alamar will just go away if we close our eyes and wish real hard!|Возможно, Амалар уйдёт, если мы закроем свои глаза и очень сильно этого захотим!
587|Miles{a}{9:125}the Cartographer|Майлз{a}{9:125}Картограф
588|So you think you're a cartographer, eh?  Solve this test then...{a}{a}OSWLAOBNFDYCIAUSWTYLEBIFRW{a}If Acid Pond is north of Alamar's Castle, cross out all N's, R's and A's.  If not, cross out all O's, B's and F's.  If the Great Northern Tower is to the East of Lakeside, cross out all S's and D's If not, cross out all W's, U's, and I's.  If Crossroads is to the west of Sprite Forest, cross out all C's, T's, and E's.  If not, cross out all Y's and L's.{a}{a}This spells a map location.  Are you ready?|Так значит вы считаете себя картографом, да?  Тогда решите эту задачку...{a}{a}ОСВЛЭОБНФДЙКИАУСВТЙЛЕБИФРВ{a}Если Кислотный пруд находится к северу от замка Аламара, то зачеркните все буквы "Н", "Р" и "А".  Если нет, зачеркните все буквы "О", "Б" и "Ф".  Если Великая северная башня находится к востоку от Лэйксайда, то зачеркните все буквы "С" и "Д". Если нет, зачеркните все буквы "В", "У" и "И".  Если перекрёсток находится к западу от леса фей, то зачеркните все буквы "С", "Т" и "Е".  Если нет, зачеркните все буквы "Й" и "Л".{a}{a}Это заклинание местоположения на карте. Вы готовы?
589|Lydia{a}{9:125}the Mapmaker|Лидия{a}{9:125}составитель карт
590|I will teach anyone Cartography for only 10 gold.|Я научу любого из вас умению составлять карты всего за 10 золотых.
591|Joe{a}{9:125}the Mapmaker|Джо{a}{9:125}составитель карт
592|Friend, have I got a deal for you!  For only 1000 gold, I will sell you this secret treasure map I discovered during my travels on Darkside.  Only one of its kind!  What do you say?|Друзья, у меня есть к вам предложение! Всего за 1000 золотых я продам вам эту никому не известную карту сокровищ, которую я нашёл во время своего путешествия по Тёмной стороне. Она единственная в своём роде! Что скажете?
593|A sign reads: Out to lunch.|Табличка гласит "Обед".
594|Pip{a}{9:125}the Drawkcab Monk|Пип{a}{9:125}Монах Дерепан Модаз
595|Ah, listeners!  Allow me to enlighten you:{a}{a}No Word, No Bond, Row On.{a}No, It Is Open On One Position.{a}Here So Long?  No Loser, Eh?{a}Now Do I Repay A Period Won.{a}{a}Go, now, and visit brother Otto for more enlightenment.|А, слушатели! Позвольте мне просветить вас:{a}{a}Кот учён, а не чуток.{a}Коту скоро сорок суток.{a}Напиток, кот и пан.{a}Маловаты пока копыта волам.{a}{a}Идите, теперь, и загляните к брату Отто для большего просветления.
596|Otto{a}{9:125}the Drawkcab Monk|Отто{a}{9:125}Монах Дерепан Модаз
597|Ah, listeners!  Allow me to enlighten you:{a}{a}"Do Nine Men Interpret?","Nine Men.", I Nod.{a}He Lived As A Devil, Eh?{a}Oh Who Was It I saw, Oh Who?{a}I Moan, "Live On, O Evil Naomi!"{a}{a}Go, now, and visit brother Bob for more enlightenment.|А, слушатели! Позвольте мне просветить вас:{a}{a}"Там холм лохмат,{a}А клубень - не булка".{a}Лидер бодро, гордо бредил.{a}Лидер бредил...{a}{a}Идите, теперь, и загляните к брату Бобу для большего просветления.
598|Bob{a}{9:125}the Drawkcab Monk|Боб{a}{9:125}Монах Дерепан Модаз
599|Ah, listeners!  Allow me to enlighten you:{a}{a}Eva, Can I Stab Bats In A Cave?{a}Was It A Rat I Saw?{a}Rats Live On No Evil Star.{a}God, A Red Nugget!  A Fat Egg Under A Dog.{a}{a}Go, now, and visit brother Tinit for more enlightenment.|А, слушатели! Позвольте мне просветить вас:{a}{a}Рислинг сгнил, сир!{a}Пил вино, он и влип.{a}Умер - и мир ему.{a}Ешь немытого ты меньше.{a}{a}Идите, теперь, и загляните к брату Тиниту для большего просветления.
600|Tinit{a}{9:125}First Drawkcab Monk|Тинит{a}{9:125}1-й Монах Дерепан Модаз
601|Ah, listeners!  Allow me to enlighten you:{a}{a}Live On Time; Emit No Evil.{a}Repel Evil As A Live Leper.{a}Lepers Repel.{a}Live Not On Evil.{a}{a}Go, now, and visit brother Pip for more enlightenment.|А, слушатели! Позвольте мне просветить вас:{a}{a}Мала тропка, но она - к порталам.{a}Меня истина манит сияньем.{a}Надо меч в кулак, а лук - в чемодан.{a}Нам сила - талисман!{a}{a}Идите, теперь, и загляните к брату Пипу для большего просветления.
602|Congratulations!  I dub thee a member of the Drawkcab!  +25,000 experience.|Поздравляю! Я записал вас в члены Дерепан Модаз! +25 000 опыта.
603|Jethro{a}{9:125}the Mapmaker|Джетро{a}{9:125}Картограф
604|I'm Jethro, brother of Jasper.  Jasper is in Castleview jail, falsely accused of stealing a treasure map from Joe, the treasure map salesman.  Joe is a crook, but I can't prove it.  Maybe you could break Jasper out of the town jail--I'm not strong enough to do it.|Я Джетро. Моего брата Джаспера ложно обвинили в краже одной из карт сокровищ у Джо и посадили в тюрьму. Я знаю, что Джо мошенник, но не могу этого доказать. К сожалению, я слишком слаб, чтобы освободить своего брата, но, может, вы сможете это сделать.
605|My brother still languishes in the town jail.  I hope it's not too much to ask for you to hurry.|Мой брат всё ещё томится в городской тюрьме. Молю вас, поспешите.
606|Thank you for freeing my brother!  Here's a little money for your trouble.  If you ever want to know anything about maps, just come to me.  I'll help you out. +10,000 experience.|Благодарю вас за освобождение моего брата! Вот немного денег за ваши хлопоты. Если вам понадобится какая-либо помощь по картам, приходите ко мне. Я вам с радостью помогу. +10000 опыта.
607|Good to see you again, friends!  Remember, if you ever want to know anything about maps, just come to me.|Рад вас снова видеть, друзья! Помните, если вы захотите узнать что-нибудь о картах, приходите ко мне.
608|You bought one of Joe's treasure maps?!?  Hahahahaha!  Sorry.  Here, let me give you a REAL treasure map.  I'm too old to chase after treasure.|Вы купили  карту сокровищ у Джо?! Ха-ха-ха! Извините. Вот, возьмите НАСТОЯЩУЮ карту. А я уже староват для этой суеты.
609|Thanks for freeing me! I knew Jethro would find help.|Огромное вам спасибо! Я знал, что Джетро не оставит меня.
610|Cartography|Картография
611|Goldur{a}{9:125}the Ranger|Голдар{a}{9:125}Лесничий
612|Ever want to learn the ways of the woods?  I'll teach you the pathfinding skill for 1,500 gold.|Хотите знать все лесные тропки? Я научу вас умению поиска пути за 1 500 золотых.
613|Pathfinder|Следопыт
614|Gettlewaithe{a}{9:125}the Gremlin King|Джетлуэйтзи{a}{9:125}Король Гремлинов
615|I am Gettlewaithe, Imperator Primus of the Gremlins!  Give me one good reason why I should not command my mighty army to cut your grotesque human heads from your shoulders and hang your eviscerated corpses above my throne for the entertainment of my subjects!|Я Джетлуэйтзи, Наиглавнейший Император Гремлинов! Назовите мне хотя бы одну причину, почему я не должен приказать своей могучей армии отрубить ваши нелепые человеческие головы и повесить ваши выпотрошенные трупы над своим троном забавы ради для моих подданных!
616|1) We come in peace, Oh mighty Gettlewaithe.  Please allow us to live.{a}{a}2) We are a delegation from the Mayor of Castleview.  The Mayor respectfully asks that you cease sabotaging the city.  {a}{a}3) Silence, insect!  We are in charge now!|1) Мы пришли с миром, о великий Джетлуэйтзи. Пожалуйста, позволь нам жить.{a}{a}2) Нас прислал мэр Каслвью. Он почтительно просит вас прекратить наносить вред городу.  {a}{a}3) Молчать, насекомое! Теперь мы здесь главные!
617|I see.  Guards!  Remove this rabble from my court!|Понимаю. Стража! Выбросить этот сброд из моего замка!
618|I am not interested in hearing from the butts of our jokes.  Begone!|Я не в настроении выслушивать ваши шуточки. Убирайтесь прочь!
619|Excellent.  Your display of respect has earned you your lives.  What have you come to petition me for?|Замечательно. Своим почтением ко мне вы спасли свои жизни. Зачем вы ко мне пожаловали?
620|1) The city of Castleview has been brought to its knees by the pranks of your subjects.  The Mayor has asked us to beg you to cease your mischief.{a}{a}2) The Mayor demands that you discipline your subjects.{a}{a}3)  Uh, nothing!  We just took a wrong turn...We'll be going now.|1) Город Каслвью был поставлен на колени из-за шалости ваших подданных. Мэр попросил нас просить вас прекратить это безобразие.{a}{a}2) Мэр требует, чтобы вы призвали своих подданных к порядку.{a}{a}3)  Э, ничего! Мы просто не туда свернули... Мы уже уходим.
621|Begone, then.|Убирайтесь!
622|If you have nothing interesting to say, I shall have to execute you all.|Если вам нечего мне сказать, я буду вынужден вас казнить.
623|1) The Mayor respectfully asks again that you curb the vandalism of your people.{a}{a}2) Whoops!  We didn't mean to disturb your highness.  We'll be going now.{a}{a}3) If you will not listen to reason, perhaps you will listen to the sword.  Submit or die!|1) Мэр ещё раз почтительно вас просит, чтобы пресекли акты вандализма со стороны своих подчинённых.{a}{a}2) Упс! Мы не хотели беспокоить ваше высочество. Мы уже уходим.{a}{a}3) Если ты хочешь прислушаться к голосу разума, возможно, меч объяснит тебе доходчивее. Подчинись или сдохни!
624|Guards!  Execute these fools immediately!|Стража! Казнить этих глупцов немедленно!
625|The answer is no!  You will now suffer the consequences of your audacity.  Guards!|Ответ - нет! Теперь вы прочувствуете последствия своей бездумной смелости. Стража!
626|Not so fast.  There is the matter of your execution to be attended to.  Guards!|Не так быстро. Ещё осталось незаконченное дело касательно вашей казни. Стража!
627|Well, um, perhaps I can do something about those naughty, naughty pranksters.  We can still talk about this like rational beings, can't we?|Что ж, хм, возможно, я могу что-нибудь сделать с этими непослушными озорниками. Мы же ещё можем решить эту проблему как разумные существа, правда?
628|1) Certainly.  Just fix the damage your subjects have done and all will be forgiven.{a}{a}2) You will refer to me as "sir" from now on, worm!  Order your subjects to fix the sewer NOW!{a}{a}3) The time for talking is done.|1) Конечно. Просто устраните ущерб, причинённый вашими подчинёнными, и мы всё забудем.{a}{a}2) С этого момента ты будешь называть меня "сэр", червяк! Прикажи своим холдеям починить канализацию, ЖИВО!{a}{a}3) Время для разговоров вышло.
629|Yes, sir.  I will do as you ask without delay.  Here is a gift of three energy disks to assure you of my benevolent nature.|Да сэр. Я без промедления сделаю всё, как вы просите. Примете эти три энергетические диска, как знак моей доброй воли.
630|I am always at your service, sir.|Я всегда к вашим услугам, сэр.
631|{a}|{a}
632|Swimming|Плыть
633||
634|Mayor Snarfblad|Мэр Снарфблад
635|I am the mouthpiece of Castleview.  I have need of powerful adventurers such as yourselves.  Castleview's treasury will pay 10,000 gold for ending the Gremlin's mischief in town.  Will you take the job?|Я голос этого города. Нам нужны могучие искатели приключений вроде вас. Казна Каслвью заплатит вам 10 000 золота за очистку города от гремлинов. Вы возьмётесь за эту работу?
636|I await word of your success.|Я подожду вестей о вашем успехе.
637|The Gremlin's reign of terror persists.  No gold for you.|Гремлины всё ещё терроризируют город. Вы не заслужили золота.
638|You have saved Castleview from the wicked Gremlins!  Oh, frabjous day!  Here is your gold. +50,000 experience.|О, что за радостный день! Вы спасли Каслвью от злых гремлинов! Вот ваше золото. +50000 опыта.
639|Castleview likes you!  Visit anytime!|Вам всегда рады в Каслвью!
640|Nadia{a}{9:125}the Hoarder|Надя{a}{9:125}Барахольщица
641|The rats under the sewer have stolen my onyx necklace!  I can't do anything without my necklace.  I must have it back.  Please, please get my necklace back from the rats.|Крысы утянули моё ожерелье из оникса в канализацию! Без своего ожерелья я ничего не могу делать. Я должна вернуть его. Пожалуйста, умоляю, отберите моё ожерелье у крыс и принесите мне.
642|I want my necklace.|Я хочу своё ожерелье.
643|My necklace!  You found my necklace!  Here, you can have this pretty key in exchange. +100,000 exp.|Моё ожерелье! Вы нашли моё ожерелье! Вот, возьмите за него этот милый ключик. +100 000 опыта.
644|I hope you found something to do with that key.  Thanks again for finding my necklace.|Надеюсь, вы нашли применение тому ключу. Ещё раз спасибо, что нашли моё ожерелье.
645|Treasure room|Сокровищница
646|Public Storage|Общее Хранилище
647|Public Storage|Общее Хранилище
648|Temple of Mok|Храм Мока
649|Jail|Тюрьма
650|Ol' Black Magic|Старая Чёрная Магия
651|Ogre Foundry|Плавильня огров
652|Milken Savings|Банк Милекна
653|Blacksmoke Tavern|Таверна "Чёрный дым"
654|Human Quarter|Квартал людей
655|Nool{a}{9:125}the Doomsayer|Нуль{a}{9:125}Пророк
656|Sinbolas{a}{9:125}the Dog Catcher|Синболас{a}{9:125}Ловец Собак
657|Raymond{a}{9:125}the Direct|Рэймонд{a}{9:125}Руководитель
658|Daron{a}{9:125}the Efficient|Дарон{a}{9:125}Cпециалист
659|Tolberti{a}{9:125}the chimney sweep|Толберти{a}{9:125}трубочист
660|Gromlug{a}{9:125}the Tailor|Груминг{a}{9:125}Портной
661|Ben{a}{9:125}the Benchman|Бен{a}{9:125}Cтоляр
662|Leave Castleview?|Покинуть Каслвью?
663|(sigh) You dare waste my time?  Guards, kill them all.|(вздох) Как вы смеете тратить моё время? Стража, убить их всех.
664|(yawn) Off with their heads.|(зевок) Отрубить им головы.
665|{b:012}You find 3 Energy Disks under the late Gettlewaithe's throne|{b:012}Под троном покойного Джетлуэйтзи вы нашли 3 энергетических диска.
666|You find some food in the trees.|На деревьях вы нашли немного еды.
667|Lydia's Maps|"Карты Лидии"
668|Correct!  I award you the Cartographer's challenge award. +100,000 experience.|Верно! Я присуждаю вам награду картографа. +100 000 опыта.
669|Ha!  I knew you weren't a REAL Cartographer!|Ха! Я знал, что вы не НАСТОЯЩИЙ картограф!
670|Sandcaster|Сэндкастер
671|What's the answer?|Какой ответ?
672|Tog's Training|Обучение у Тога
673|You are not a Cartographer!  Begone!|Ты не картограф! Прочь!
674|Sojo{a}{9:125}the Cobbler|Сохо{a}{9:125}Сапожник
675|Ellinger has a great fondness for boots.|Эллинджер сильно помешан на обуви.
676|Rex{a}{9:125}the Accountant|Рекс{a}{9:125}Счетовод
677|Monsters can't count.|Монстры не умеют считать.
678|Majot{a}{9:125}the Editor|Майот{a}{9:125}Редактор
679|Monsters can't spel, either.|Также монстры не умеют писать.
680|Madame Oorla{a}{9:125}the Gypsy|Мадам Урла{a}{9:125}Предсказательница
681|You were wise to come to me.  The orb you are carrying belongs to the Dragon Pharaoh.  The orb wishes to be reunited with its master, but I sense that it first must be taken to Ellinger, the Queen's advisor, as soon as possible.  The orb has chosen you to carry out this task.  If you fail, I see terrible things happening to the people of Xeen.|Вы мудро поступили, что пришли ко мне. Сфера, которую вы носите, принадлежит Дракону Фараону. Сфера хочет воссоединиться со своим хозяином, но я чувствую, что сначала её нужно отнести Эллинджеру, советнику Королевы, и как можно скорее. Сфера выбрала вас для выполнения этой задачи. Если у вас не получится, я вижу ужасные вещи, которые произойдут с населением Ксина.
682|You must take the orb to Ellinger!  He is in the tower in this town.  The orb indicates this task is most urgent.|Вы должны отнести сферу Эллинджеру! Он находится в башне, в этом городе. Шар указывает, что это первостепенная задача.
683|It is good you have visited Ellinger.  He has the power to do much good.  If you help him rescue the Queen, she will surely give you the key to the Great Pyramid that the Dragon Pharaoh resides in.|Хорошо, что сходили к Эллинджеру. Он может сделать много хорошего. Если вы поможете ему спасти королеву, она, несомненно, даст вам ключ от Великой пирамиды, в которой находится Дракон Фараон.
684|You must continue to help Ellinger restore Castle Kalindra and rescue the Queen.  Only she has access to the key to the Great Pyramid.|Вы должны помочь Эллинджеру восстановить замок Калиндры и спасти королеву. Только у неё есть доступ к ключу от Великой пирамиды.
685|You have done Darkside a great service by rescuing good Queen Kalindra.  The orb indicates that it wishes to be reunited with the Dragon Pharaoh now.  Use your key to return the orb to the Pharaoh.|Вы оказали Тёмной стороне большую услугу, освободив хорошую королеву Калиндру. Сфера указывает на то, что теперь она хочет воссоединиться с Драконом Фараоном. Используйте ключ, чтобы вернуть сферу Фараону.
686|It is most urgent that you return the orb to the Pharaoh.|Первостепенная задача - вернуть сферу Фараону.
687|I cannot further advise you without the orb.  The Pharaoh is the Guardian of Xeen and is the only one who knows what to do to save the world from Alamar.  You must follow the Pharaoh's advice, now.  Good luck.|Без сферы я не могу больше давать вам советы. Фараон является хранителем Ксина и единственным, кто знает, что делать, чтобы спасти мир от Аламара. Теперь вы должны следовать совету Фараона. Удачи.
688|Dyson{a}{9:125}the Puzzlemaster|Дисон{a}{9:125}Составитель Загадок
689|To close all of the chests is quite an accomplishment, but to open them requires intellect most uncommon.|Закрыть все сундуки - большое достижение, но чтобы открыть их, нужен редкий ум.
690|Ordana{a}{9:125}the Swimming Instructor|Ордана{a}{9:125}Инструктор по Плаванию
691|I can teach anyone to stay afloat for 250 gold.|Я могу научить любого держаться на плаву за 250 золотых.
692|Swimming|Плыть
693|Zelda{a}{9:125}the Herbalist|Зельда{a}{9:125}Травница
694|Ah!  I sense that you are the ones!  While gathering herbs in the woods near the edge of the world, I came upon this here orb.  It was lying in a small crater, as though it had fallen a great distance and yet survived the impact.  I know this object must be terribly important, but I am not the one to take care of it.  Perhaps you can take it to Ellinger in his tower in this town.  He will surely know what to do with it.|Ах! Я чувствую, что именно вы - те самые искатели приключений! Я собирала травы в лесу около края мира и наткнулась на этот шар. Он лежал в небольшом кратере, словно упал с большой высоты и не разбился. Я знаю, что он чрезвычайно важен, но не мне нести эту ношу. Возьмите его и отнесите в башню Эллинджера. Он должен знать, что с ним делать.
695|Very good!|Очень хорошо!
696|It's always a pleasure to see other skilled Cartographers!|Всегда приятно видеть высококвалифицированных картографов!
697|====|====
698||
699|Felix the Tinker|Феликс{a}{9:125}Жестянщик
700|I helped invent the compass!  For a mere 1000 gold, I can teach you to read it so you will always know your direction heading.|Я помог изобрести компас! Всего за 1 000 золотых я могу научить вас им пользоваться, и вы всегда будете знать направление вашего движения.
701|Rubble|Обломки
702|{3:c}{b:010}Nothing here.|{3:c}{b:010}Здесь ничего нет.
703|Bones|Кости
704|{3:c}{b:010}Nothing here.|{3:c}{b:010}Здесь ничего нет.
705|Sewer Drain|Канализационный Слив
706|{3:c}{b:010}Nothing here.|{3:c}{b:010}Здесь ничего нет.
707|Bed|Кровать
708|Valio, the Simple|Валио,{a}{9:125}Простак
709|Hi.  I live down here.  There sure are a lot of rats.  Too many for me to kill.  Maybe you could kill them for me.  Or at least the Queen Rat.  I'll give you something if you do.|Привет. Я здесь живу. Тут много крыс. Слишком много, чтобы я мог их всех убить. Возможно, вы могли бы убить их для меня. Или хотя бы Королеву Крыс. За это я вам кое-что дам.
710|Chest|Сундук
711|You hear Valio (the peasant hiding in the bed) yell, "Hey, that's MY chest.  Leave it alone!".  Open anyway?|Вы слышите вопли Валио (селянин прячется в кровати): "Эй, это МОЙ сундук. Оставьте его в покое!" Всё равно открыть?
712|Green Liquid|Зелёная жидкость
713|Red Liquid|Красная жидкость
714|+5 Endurance (permanent).|+5 к сложению (постоянно).
715|+5 Might (permanent).|+5 к силе (постоянно).
716|Necklace|Ожерелье
717|Exit the Sewer?|Покинуть канализацию?
718|{3:c}{b:010}Nothing here.|{3:c}{b:010}Здесь ничего нет.
719|The barrel is empty.|Бочка пуста.
720|{3:c}{b:010}Nothing here.|{3:c}{b:010}Здесь ничего нет.
721|You find a diploma that reads:  Valio Magnus, graduated 787 cum laude, School of Evil Wizardry.|Вы нашли диплом, в котором написано: "Валио Магнус, закончил 787 с отличием, Школа Злого Волшебства".
722|You've killed the Queen Rat!  Here is your reward.  Thanks. +25,000 experience.|Вы убили королеву крыс! Вот ваша награда. Благодарю. +25 000 опыта.
723|The Queen Rat is still alive.  I can hear her awful chittering through the walls.  No reward for you yet!|Королева Крыс ещё жива. Я слышу её ужасный скрежет сквозь стены. Вы ещё не заслужили награды!
724|It's good to see you again.|Приятно снова вас видеть.
725|Direction Sense|Чувство направления
726|====|====
727||
728|Exit Sandcaster?|Покинуть Сэндкастер?
729|Descend to the sewer?|Спуститься в стоки?
730|Trees|Деревья
731|{3:c}{b:010}Nothing here.|{3:c}{b:010}Здесь ничего нет.
732|Natasha{a}{9:125}the Enchantress|Наташа{a}{9:125}чародейка
733|I will enchant that bridle you are carrying for 50,000 gold.|Я зачарую вашу уздечку за 50 000 золотых.
734|Gregor{a}{9:125}the Navigator|Грегор{a}{9:125}штурман
735|I can teach you how to read the sun and the stars so you'll never lose your way for a fee of 10,000 gold.|Я могу научить вас читать по солнцу и звёздам, чтобы никогда не сбиваться со своего пути всего за 10 000 золотых.
736|Tibora{a}{9:125}the Magician|Тибора{a}{9:125}фокусник
737|Cast more spells for less!  I can teach you the prestidigitation skill for a mere 1,000 gems.|Творить больше заклинаний за ту же ману! Я могу научить вас умению "Ловкость пальцев"  всего лишь за 1 000 самоцветов.
738|Morgan{a}{9:125}the Merchant|Морган{a}{9:125}торговец
739|If you had my business smarts, you could always be sure you were getting the best bargains when you bought.  I could teach you for 5000 gold.|Будь у вас коммерческий склад ума, вы были ли всегда уверены, что заключаете самые выгодные для себя сделки. Я могу научить вас этому за 5 000 золотых.
740|Natalie{a}{9:125}the Linguist|Натали{a}{9:125}переводчица
741|I know most of the strange languages of the land.  For 25,000 gold I could teach you what I know of them.|Я знаю много необычных языков этих земель. За 25 000 золотых я могла бы научить вас им.
742|Niccolo{a}{9:125}the Guildman|Никколо{a}{9:125}член гильдии
743|I can sell you entry to the Sandcaster guild for 20,000 gold.|Я могу продать вам членство в гильдии Сэндкастера за 20 000 золотых.
744|Geoffrey{a}{9:125}the Monitor|Джеффри{a}{9:125}регистратор
745|I have passes to Lakeside.  I'll sell you one for 5,000 gold.  Are you interested?|У меня есть пропуски в Лэйксайд. Я продам вам один за 5 000 золотых. Интересно?
746|Digga{a}{9:125}the Salesman|Дигга{a}{9:125}коммивояжёр
747|Special today!  Vulture Repellant, only 25,000 gold!|Специальное предложение! Отпугиватель хищников, всего за 25 000 золотых!
748|Sarah{a}{9:125}a Paladin's Friend|Сара{a}{9:125}подруга паладина
749|A dying paladin gave all his magical armor to the enchanted boulders of the land for safekeeping.|Умирающий паладин отдал на хранение всю свою магическую броню заколдованным валунам.
750|Donro{a}{9:125}the Woodcutter|Донро{a}{9:125}дровосек
751|Never try to burn green wood.  It just doesn't catch fire as easily.|Никогда не пытайтесь поджечь зелёное дерево. Оно просто не разгорится.
752|Creighton{a}{9:125}the Dunce|Крейтон{a}{9:125}болван
753|Vulture Repellant doesn't work.|Отпугиватель хищников не работает.
754|Drusilla{a}{9:125}the Clairvoyant|Друзилла{a}{9:125}ясновидица
755|I sense Alamar is an assumed name, but I can't tell what the real one is.|Я чувствую, что Аламар - это псевдоним, но не могу сказать, какое его настоящее имя.
756|Grimgrog{a}{9:125}the Baker|Гримгрог{a}{9:125}булочник
757|The wizards in this town are sensitive to insults.  Watch what you say!|Волшебники в этом городе очень обидчивы на оскорбления. Думайте, что говорите!
758|Nym{a}{9:125}the Soldier|Ним{a}{9:125}солдат
759|No matter how skilled a wizard is, he'll go down before a good sword and a steady hand.  Face them down!  If you run from them, they'll just shoot you in the back.|Неважно насколько крут волшебник, он струхнёт перед годным мечом и твёрдой рукой. Припугните их! Но если будете от них убегать, они просто расстреляют вас в спину.
760|Rumples{a}{9:125}the Wanderer|Рампл{a}{9:125}странник
761|There is a passage in the sewer that leads a long ways under the desert.|Существует проход в канализации, который тянется через всю пустыню.
762|Melissa{a}{9:125}the Trainer|Мелисса{a}{9:125}тренер
763|Natasha will sometimes enchant ordinary things with spells of calm and friendship.  The enchantment is useful for taming horses and wild beasts.  Her prices are high, though.|Иногда Наташа зачаровывает обычные вещи заклинаниями спокойствия и дружбы. Очарование полезно для укрощения лошадей и диких животных. Хотя у её высокие цены.
764|Wrathmont{a}{9:125}the Chaotic|Ратмонт{a}{9:125}хаотичный
765|Begone, children, lest I blast you to ash and scatter you to the winds.|Прочь, детишки, пока я не превратил вас в пепел и не развеял по ветру.
766|Bullseye{a}{9:125}the Archer|Стрелок{a}{9:125}лучник
767|The three most important things in archery are accuracy, accuracy, and accuracy.|Три самые важные вещи в стрельбе из лука - это точность, точность и точность.
768|Aladdin{a}{9:125}the Lamp Cleaner|Алладин{a}{9:125}чистильщик ламп
769|Never take all of a genie's money.  It's greedy.|Никогда не берите деньги джина. Он жадный.
770|Thorbash{a}{9:125}the Drunk|Торбаш{a}{9:125}пьянчужка
771|Go away!  I'm busy drinkin'.|Проваливайте! Я тут напиваюсь.
772|Antoine{a}{9:125}the Barbarian|Антуан{a}{9:125}варвар
773|The Barbarians are friends of the Giants.  Insult the one and you anger the other.|Варвары - друзья великанов. Оскорбите одних и разозлите других.
774|Flint{a}{9:125}the Treasure Hunter|Флинт{a}{9:125}кладоискатель
775|I hear there is a huge horde of treasure buried somewhere in the land, but the map to it was lost years ago.|Я слышал, что где-то в этих землях закапано огромная куча сокровищ, но карта, ведущая к ним, была утеряна много лет назад.
776|Madame Gloriana{a}{9:125}the Palm Reader|Мадам Глориана{a}{9:125}хиромант
777|I predict you will go on a long journey.  I also predict that you will become very rich and famous.  I further predict that you will die young...and then be ressurected...and then die again...over and over.|Предсказываю, что вы проделаете очень долгое путешествие. Я также предсказываю, что вы станете очень богатым и знаменитым. Кроме того, предсказываю, что вы умрёте молодым... а потом будете воскрешены... а потом умрёте снова... снова и снова.
778|Blastem{a}{9:125}the Wizard|Бластем{a}{9:125}волшебник
779|How dare you speak to me?  You can learn to show respect to your betters on your own, or I can teach it to you.|Как вы посмели со мной заговорить? Вы можете научиться выказывать уважение лучшим самостоятельно или я сам преподам вам урок.
780|Bed|Кровать
781|{3:c}{b:010}Nothing here.|{3:c}{b:010}Здесь ничего нет.
782|Chest|Сундук
783|Alcove|Ниша
784|Ambush!|Засада!
785|Orange Potion|Оранжевое зелье
786|+10 Intellect (permanent).|+10 к интеллекту (постоянно).
787|Purple Potion|Фиолетовое зелье
788|+10 Speed (permanent).|+10 к скорости (постоянно).
789|+2000 spell points.|+2 000 очков магии.
790|James{a}{9:125}The Merchant|Джеймс{a}{9:125}торговец
791|So you call yourself a merchant, eh?  Well tell me this, then:  If six apples and three pears cost fifteen gold, and you can buy nine pears and three apples for the same fifteen gold, what will it cost to buy one hundred pears?|Так, вы называете себя торговцем, да? Тогда ответьте мне на вопрос: "Если шесть яблок и три груши стоят пятнадцать золотых, как и девять груш и три яблока, то сколько стоят сто груш?"
792|100|100
793|100 gold|100 золотых
794|Ha!  I knew you weren't a real merchant.|Ха! Я знал, что ты не настоящий торговец.
795|Correct!  I award you the "Merchant's Challenge Award". +250,000 experience.|Верно! Я присуждаю вам награду торговца. +250 000 опыта.
796|Edmund{a}{9:125}The Weapons Forger|Эдмунд{a}{9:125}кузнец оружия
797|Perhaps you, with your immense intellect, can help me figure this out.  I'm working on a contract to supply the local blacksmith shop with more swords.{a}{a}He needs to have two hundred seventy swords at the end of thirty days.  It currently takes my six apprentices a day and a half to make nine swords.  How many more apprentices will I need to hire to finish this contract on time?|Возможно, вы, с вашим огромным интеллектом, поможете мне разобраться. Я работаю по контракту на поставку мечей местному магазину.{a}{a}Я должен поставить двести семьдесят мечей через тридцать дней. В настоящее время моим шести подмастерьям нужно полтора дня, чтобы выковать девять мечей. Сколько ещё подмастерьев мне нужно нанять, чтобы выполнить заказ вовремя?
798|three|три
799|3|3
800|I don't think that's right.  Try again sometime.|Сомневаюсь, что это правильный ответ. Попробуйте в другой раз.
801|Correct!  I award you the "Superior Intellect Award". +250,000 experience.|Верно! Я присуждаю вам награду за превосходный интеллект. +250 000 опыта.
802|Astra{a}{9:125}the Good Sorceress|Астра{a}{9:125}добрая волшебница
803|Two years ago, Xenoc the Wizard and Morgana the Sorceress came to town with visions of conquest dancing through their heads.  They plotted to ruin my good name and install themselves as head of their respective guilds.  Now I am dethroned, and those rascals have lead the guilds to their present, wicked, state of affairs.  Will you help right the wrong that was done to me and the guilds?|Два года назад волшебник Зенок и колдунья Моргана прибыли в город в стремлении захватит власть. Они сговорились с целью погубить моё доброе имя и возглавить  соответствующие гильдии. Теперь, когда меня сместили, эти негодяи ведут гильдии по тёмной дорожке. Вы поможете исправить несправедливость в отношении меня и гильдий?
804|I see.  I had thought better of you.  Perhaps you will change your minds after you talk to some of the townspeople and learn firsthand the evil these arrogant magicians have wrought.|Понимаю. Я была о вас лучшего мнения. Возможно, вы передумаете  после того, как поговорите с некоторыми из горожан и узнать от них, какое зло творят эти высокомерные волшебники.
805|Good.  I fear that it will be impossible to talk them from their lofty positions, so you will have to defeat them in battle.  Good luck.|Хорошо. Только боюсь, что будет невозможно решить это путём переговоров, поэтому вам придётся победить их в бою. Удачи.
806|Every day that Sandcaster suffers under the rule of these evil masters is a day ill spent.  Everyone is relying on you to put matters right.|Каждый день, пока Сэндкастером управляют эти злые маги, - это день, пошедший впустую. Все до одного надеются на вас в этом вопросе.
807|Thank you.  You have done both me and Sandcaster a great service.  I am forever in your debt.  +2,000,000 experience.|Спасибо. Вы оказали мне и Сэндкастеру огромную услугу. Я перед вами в неоплатному долгу. +2 000 000 опыта.
808|I am pleased to see you!  Sandcaster will not forget your great deeds!|Рада вас видеть! Сэндкастер на забудет ваши великие дела!
809|Sand Temple|Песочный храм
810|Sorceress HQ|Штаб волшебницы
811|Glass n' Iron|Стекло и железо
812|The Oasis|Оазис
813|Prestidigitation|Престидижитация
814|Navigator's School|Школа навигации
815|Soldier's School|Солдатская школа
816|Natasha's Enchantments|Чародейка Наташа
817|Guild Quarters|Помещения гильдии
818|Guild Quarters|Помещения гильдии
819|Guild Quarters|Помещения гильдии
820|Guild Quarters|Помещения гильдии
821|Guild Quarters|Помещения гильдии
822|Guild Quarters|Помещения гильдии
823|Mirage Guild|Гильдия миража
824|Guild Quarters|Помещения гильдии
825|Guild Quarters|Помещения гильдии
826|Weights and Measures|Весовая
827|Professional Linguist|Профессиональный переводчик
828|Guild Common|Земля гильдии
829|Guild Common|Земля гильдии
830|I'm afraid we can't do business.  You don't have anything that I can enchant.|Боюсь, что нам не о чем говорить. У вас нет ничего, что я могу зачаровать.
831|Navigator|Штурман
832|Prestidigitation|Престидижитация
833|Merchant|Торговец
834|Linguist|Переводчик
835|Mirage Guild|Гильдия миража
836|I'm sorry but I do not associate with your kind.  I only find other merchants interesting. Go away.|Прошу прощания, но я не связываюсь с такими как вы. Я ищу других торговцев. Уходите.
837|It is always nice to see another merchant as skilled as myself!|Всегда приятно встретить такого же классного торговца, как и я сам!
838|1)  I think we're ready for that lesson right now.{a}{a}2)  Sorry, sir.  Won't happen again.  Do you need your boots licked?|1) Думаю, мы готовы к этому уроку прямо сейчас.{a}{a}2) Извините, сэр. Этого больше не повторится. Вылизать вам сапоги?
839|Answer|Ответ
840|It's always a pleasure to be able to converse with other beings as intelligent as I.|Всегда приятно пообщаться с такими же умными людьми, как и я.
841|====|====
842||
843|Sewer Drain|Канализационный Слив
844|{3:c}{b:010}Nothing here.|{3:c}{b:010}Здесь ничего нет.
845|Exit to the desert?|Покинуть пустыню?
846|It costs 50,000 gold to use the gym.  Pay?|Занятие в тренажёрном зале стоит 50 000 золотых. Оплачиваете?
847|Get lost!|Убирайтесь!
848|Enjoy the facilities.|Наслаждайтесь тренировкой.
849|Art of Bodybuilding|Искусство телосложения
850|Vitamin Brew|Витаминная похлёбка
851|+10 endurance (permanent).|+10 к сложению (постоянно).
852|Protein Brew|Протеиновая похлёбка
853|+10 Might (permanent).|+10 к силе (постоянно).
854|Alcove|Ниша
855|{3:c}{b:010}Nothing here.|{3:c}{b:010}Здесь ничего нет.
856|Barticus{a}{9:125}the Body Builder|Бартикус{a}{9:125}атлет
857|What do ya think this is, a charity gym?  Come back when you have enough gold.|Вы думаете, это бесплатный тренажёрный зал? Возвращайтесь, когда у вас будет достаточно золота.
858|====|====
859||
860|Exit Lakeside?|Покинуть Лэйксайд?
861|These stairs once led to a tavern, but it was destroyed long ago.|Когда-то эта лестница вела в таверну, но она уже давно разрушена.
862|These stairs once led to a blacksmith shop, but it was destroyed long ago.|Когда-то эта лестница вела в кузницу, но она уже давно разрушена.
863|Climb down to the sewer?|Спуститься в стоки?
864|My first is in water{a}but not in tear.{a}My second is in hire{a}but not in hear.{a}My third is in tree but{a}not in peer.{a}My fourth is in race{a}but not in fear{a}My last is in sharp{a}but not in spear.|Моя первая буква есть в ----,{a}но её нет в ----.{a}Моя вторая буква есть в ----,{a}но её нет в ----.{a}Моя третья буква есть в ----,{a}но её нет в ----.{a}Моя четвёртая буква есть в ----,{a}но её нет в ----{a}Моя последняя буква есть в ----,{a}но её нет в ----.
865|Witch|Ведьма
866|What am I?|Кто я?
867|Wrong! Begone fools!|Неправильно! Прочь, глупцы!
868|Correct!  As a reward, I give you free membership to the guild.|Верно! В качестве награды я предоставляю вам бесплатное членство в гильдии.
869|A bodiless voice murmurs: "You are the most beautiful one of all."|Бестелесный голос шепчет: "Ты прекрасней всех на свете".
870|Alcove|Ниша
871|Shelf|Полка
872|Unprompted, the skull begins to speak:  {a}{a}To make a Potion of Personality, gather together the ground horn of a Unicorn, the tanned hide of an Ogre, and the blood of a monkeydog sacrificed 'neath the blackness of a new moon.  Slowly pour a half part of the blood into a twenty gallon cauldron and mix in the horn powder.  Heat to a low simmer and let sit for three days.  At the stroke of midnight on the third night, drop the Ogre hide into the stew and stir rapidly.  The hide should dissolve in the caustic brew in three minutes, exactly.  If  The hide dissolves any sooner or later, the brew is sour and will turn its drinkers to stone.  Makes one serving.|Неожиданно череп начинает говорить:  {a}{a}"Чтобы сварить зелье силы духа, вам потребуются измельчённый рог единорога, загорелая шкура огра и кровь обезьянопса, принесённого в жертву в новолуние. Медленно вылейте полпорции крови в 75-литровый котёл и добавьте измельчённый рог единорога. Варите на маленьком огне три дня. На третью ночь в полночь положите шкуру огра и быстро размешайте. Шкура должна растворяться в едком вареве в течение трёх минут, точно. Если шкура растворится раньше или позже, варево станет кислым и превратит выпившего его в камень. Получится одна порция".
873|Unprompted, the skull begins to speak:  {a}{a}To make a potion of endurance, gather together the poisoned entrails of a toad kept under a cold stone for thirty-one days, a slice of swamp snake, the eye of a newt, the toe of a frog, wool from a bat, tongue of a dog, a lizard's leg, an owlet's wing, and the forked tongue of a snake.  Throw them all in a cauldron and let sit under the auspices of a full moon.  Begin boiling just before sunrise.  Keep warm until sunrise of the next day.  If the mixture turns black, the brew is sour and will turn its drinkers to stone.  Makes one serving.|Неожиданно череп начинает говорить:  {a}{a}"Чтобы сварить зелье выносливости, вам понадобятся кишки ядовитой жабы, выдержанные тридцать один день под холодным камнем, кусочек болотной змеи, глаз тритона, палец лягушки, шерсть летучей мыши, язык собаки, лапка ящерицы, крыло совёнка и раздвоенный язык змеи. Бросьте это всё в котёл и оставьте вариться под полной луной. Повести до кипения незадолго до восхода солнца. Хранить в тепло до восхода солнца следующего дня. Если варево почернеет и станет кислым, то превратит выпившего его в камень. Получится одна порция".
874|Unprompted, the skull begins to speak:  {a}{a}To make a potion of speed, gather together the claw of a roadrunner, the wing of a hummingbird, and the paw of a cheetah.  Pound the claw to dust and sprinkle into briskly boiling salt water.  Quickly drop in the wing, followed by the paw.  Stir 100 times, rapidly.  Remove the cauldron from the fire and pour the liquid through a strainer and into a second cauldron.  If any material remains in the strainer, the brew is sour and will turn its drinkers to stone.  Makes one serving.|Неожиданно череп начинает говорить:  {a}{a}"Чтобы сварить зелье скорости, вам понадобятся коготок кукушки-подорожника, крылышко колибри и лапа гепарда. Растереть фунт коготков в порошок и добавить кипящую солёную воду. Сразу же кинуть туда крылышко, а затем лапу. Быстро помешать 100 раз. Снять котёл с огня и процедить через сито в другой котёл. Если в сите что-нибудь останется, а варево станет кислым, то превратит выпившего его в камень. Получится одна порция".
875|Bed|Кровать
876|{3:c}{b:010}Nothing here.|{3:c}{b:010}Здесь ничего нет.
877|Chest|Сундук
878|There is a sign here that reads "This boat under repair."|Табличка гласит: "Эта лодка на ремонте".
879|Would you like safe passage to the Isle of Lost Souls?|Хотите без проблем попасть на остров Потерянных душ?
880|Search the boat?|Ищите лодку?
881|The boat sinks into the water, but not before you recover its treasures.|Лодка спуститься на воду, но не раньше, чем вы вернёте сокровища.
882|Cage|Клетка
883|{3:c}{b:010}Nothing here.|{3:c}{b:010}Здесь ничего нет.
884|Thanks for getting me out of there.  Listen, there are other prisoners in Lakeside.  The witches capture people and turn them into monsters.  Then they ship the good ones to Castle Blackfang to act as guards.  The rejects end up on the Isle of Lost Souls.  I hope you find the rest of the prisoners. +200,000 experience|Спасибо, что вызволили меня оттуда. Послушайте, в Лэйксайде есть и другие заключённые. Ведьмы хватают людей и превращают их в монстров. Затем они отправляют годных замок клыка в качестве стражников. Забракованные отправляются на остров Потерянных душ. Надеюсь, вы найдёте остальных заключённых. +200 000 опыта.
885|Thank you for saving me.  I'm tired of adventuring and I'm going home, but I can tell you that the dragon statuette is in the sewer below us.  The witches caught me just as I was reaching for it.  Maybe you'll have better luck than me.  +200,000 experience|Спасибо, что спасли меня. Я устала от приключений и иду домой, но скажу по секрету, что статуэтка дракона находится в канализации под нами. Ведьмы схватили меня в тот момент, когда я потянулась за ней. Возможно, вам повезёт больше, чем мне. +200 000 опыта.
886|My saviors!  Thank you thank you thank you thank you!  The witches were going to turn me into a monster when I failed the initiation test.  I didn't know they did that to people.  Because they did this to me, I'll tell you where the Head Witch keeps her pass to Necropolis.  It is in a chest in her room in the Northwestern corner of the town.  +200,000 experience|Мои спасители! Спасибо-спасибо-спасибо вам! Ведьмы собирались превратить меня в монстра, когда я не прошёл испытание посвящения. Я не знал, что они делали это с людьми. Так как сделали это со мной, скажу вам, где руководитель ведьм хранит свой пропуск в Некрополь. Он находится в сундуке в её комнате в северо-западной части города. +200 000 опыта.
887|Oh, thank you for rescuing me!  The witches were going to use me for spare parts in their potions.  +200,000 experience|О, спасибо, что спасли меня! Ведьмы собирались использовать меня в качестве ингредиентов для своих зелий. +200 000 опыта.
888|(yawn)  Thank you for saving me from my hideous fate.  I am forever in your debt.  I'll be going now.  See you.  +200,000 experience|(зевок) Спасибо, что спасли меня от моей отвратительной судьбы. Я буду по гроб жизни в долгу перед вами. А сейчас я ухожу. Увидимся. +200 000 опыт.
889|Cauldron|Котёл
890|+25 Personality (permanent).|+25 к силе духа (постоянно).
891|+25 Endurance (permanent).|+25 к сложению (постоянно).
892|+25 Speed (permanent).|+25 к скорости (постоянно).
893|The Coven|Шабаш
894|The Cozy Lil' Tavern|Таверна "Уютный Лиль"
895|Smithy|Кузница
896|Lakeside Yachts|Яхты Лэйксайда
897|Camilla{a}{9:125}the Captured|Камилла{a}{9:125}пленница
898|Naomi{a}{9:125}the Prisoner|Наоми{a}{9:125}узница
899|Aretha{a}{9:125}the Helpless|Арета{a}{9:125}беспомощная
900|Isabella{a}{9:125}the Victim|Изабелла{a}{9:125}жертва
901|Rhett{a}{9:125}the Wimp|Рита{a}{9:125}слабачка
902|====|====
903||
904|Alcove|Ниша
905|{3:c}{b:010}Nothing here.|{3:c}{b:010}Здесь ничего нет.
906|Sewer Drain|Канализационный Слив
907|Joseph{a}{9:125}the Prayermaster|Иосиф{a}{9:125}магистр молитвы
908|Knowing how to pray properly can sure come in handy when the going gets tough.  I can teach you for 10,000 gold.|Knowing how to pray properly can sure come in handy when the going gets tough.  I can teach you for 10,000 gold.
909|Prayer Master|Магистр молитвы
910|Bones|Кости
911|You find the last surviving page of this dead man's journal.  It reads:  {a}{a}...still haven't a clue where that statuette is.  The sewer is infested with sewer monsters, and they seem to come out of nowhere.  Got to watch my back.|Вы находите последние уцелевшие страницы дневника этого мертвеца. Дневник гласит: {a}{a}...до сих пор понятия не имею, где эта статуэтка. Канализация кишит канализационными монстрами, и они, кажется, приходят из ниоткуда. Нужно оглядываться почаще.
912|You find the last surviving page of this dead man's journal.  It reads:  ...witches won't find me under here.  Maybe I can use one of the other exits from the sewer to pop up in the town and be gone before anyone can find me.  All of this was so sudden.  Who would have known that the witches were plotting to...|Вы находите последние уцелевшие страницы дневника этого мертвеца. Дневник гласит: ...ведьмы не найдут меня здесь. Может быть, я смогу использовать один из других выходов из канализации, чтобы выскочить в город и уйти прежде, чем кто-нибудь может найти меня. Все это было так неожиданно. Кто бы знал, что ведьмы замышляют...
913|====|====
914||
915|Exit Necropolis?|Покинуть Некрополь?
916|Would you like to buy membership to the guild for 50,000 gold?|Желаете купить членство в гильдии за 50 000 золотых?
917|Book of the Dead Vol. 1|"Книга мёртвых", часть 1
918|You've already read it.|Вы уже её прочли.
919|The experience killed you!|Полученные знания убили вас!
920|You are not smart enough to decipher the words in this book.|Вы не достаточно умны, чтобы расшифровать слова в этой книге.
921|The experience aged you.  +25 years and 999,999 experience.|Полученные знания старят вас. +25 лет и 999 999 опыта.
922|Book of the Dead Vol. 2|"Книга мёртвых", часть 2
923|Book of the Dead Vol. 3|"Книга мёртвых", часть 3
924|Book of the Dead Vol. 4|"Книга мёртвых", часть 4
925|Book of the Dead Vol. 5|"Книга мёртвых", часть 5
926|Book of the Dead Vol. 6|"Книга мёртвых", часть 6
927|The experience aged you.  +50 years and 999,999 experience.|Полученные знания старят вас. +50 лет и 999 999 опыта.
928|Book of the Dead Vol. 7|"Книга мёртвых", часть 7
929|Book of the Dead Vol. 8|"Книга мёртвых", часть 8
930|Book of the Dead Vol. 9|"Книга мёртвых", часть 9
931|The experience aged you.  +100 years and 9,999,999 experience.|Полученные знания старят вас. +100 лет и 9 999 999 опыта.
932|Descend to the sewer?|Спуститься в стоки?
933|Coffin|Гроб
934|{3:c}{b:010}Nothing here.|{3:c}{b:010}Здесь ничего нет.
935|The lid won't budge.  You are too weak to pry it open.|Крышка не сдвинулась с места. Вы слишком слабы, чтобы его открыть.
936|Well of Death|Колодец смерти
937|The black water brings death quickly!|Тёмная вода приносит мгновенную смерть!
938|Alcove|Ниша
939|Unprompted, the magic skull begins to speak: {a}{a}Once upon a time two necromancers had a little disagreement. The one was named Darkness, and he contended that he was most powerful, foul, and evil necromancer in all of Xeen. The other fancied himself Death, and Death believed that HE was the most powerful, foul, and evil necromancer in all of Xeen.  On the darkest hour of the darkest night in the year, the two necromancers met in a graveyard to settle the question for once and for all.  Standing atop the burial mound of a great hero, Darkness began the fight by uttering a string of syllables so foreign to the human throat as to be virtually unpronounceable.  So vile and alien were the words spoken by Darkness that the hero beneath the mound heard them and began to dig his way out of his grave to put a stop to the sounds.  During all this, Death had not been idle.  He, too, began incantations meant to awaken the dead.|Неожиданно волшебный череп начинает говорить: {a}{a}Однажды между двумя некромантами завязался небольшой спор. Один из них, которого звали Тьма, утверждал, что он самый могущественный, подлый и злой некромант во всём Ксине. Другой, вообразивший себя Смертью, уверял, что именно он самый могущественный, подлый и злой некромант во всём Ксине. Самой тёмной ночью в году два некроманта встретились на кладбище, чтобы раз и навсегда решить этот спор. Стоя на вершине кургана великого героя, Тьма начал бой, произнося строку из слогов, настолько чуждых человеческому горлу, что те были практически непроизносимы. Настолько мерзкими и чуждыми были слова, сказанные Тьмой, что герой под курганом, услышав их, начал выкапываться из своей могилы, чтобы остановить поток этих звуков. В это время Смерть не бездействовал. Он тоже начал произносить заклинания, призванные пробудить мёртвых.
940|Sandro{a}{9:125}the Lich|Сандро{a}{9:125}Лич
941|I am Sandro, the most accomplished sorcerer to ever live in Xeen.  Many years ago I separated my heart from my body in a magical ritual devised to cheat death.  It worked, but I am not wholly alive, rather I am a wretched and evil monster who must kill mortals to remain alive.  If you can retrieve my heart from the sewers below here, I will finally be released from this unlife and you may have the statuette sitting in the alcove in my room.  And now my hunger for the living compels me to attack you.|Я Сандро, самый опытный колдун из когда-либо живших в Ксине. Много лет назад я разделил сердце из моего тела в магическом ритуале, придуманном, чтобы обмануть смерть. Он сработал, но я не остался целиком живым, а стал несчастным и злым монстром, который должен убивать смертных, чтобы остаться в живых. Если вы сможете получить моё сердце из канализации ниже, я наконец-то выйду из этой недожизни, и вы сможете получить статуэтку, находящуюся в нише в моей комнате. А теперь мой голод заставляет меня нападать на вас.
942|Do not come to me without my heart.  Though you have defeated me once in combat, I still am not dead.  Once again you must defeat me, or die.|Не приходите ко мне без моего сердца. Хотя вы победили меня в бою, я ещё не умер. Ещё раз вы должны победить меня - или умереть.
943|Thank you for returning my heart.  I am free of this life.  You are welcome to the treasures in this room as well as this key here.  It opens the way to my old home on the other side of the world, a place now called the Dungeon of Death.  You are welcome to the treasures hidden there as well.  Goodbye, brave mortals, and good luck.  Remember:  Alamar CAN be defeated. +2,000,000 experience.|Спасибо за возвращение моего сердца. Я освободился от этой жизни. Предлагаю вам сокровища в этой комнате, как и этот ключ. Он открывает путь к моему дому на другой стороне мира, это место теперь называется Подземелье Смерти. Добро пожаловать к сокровищам, спрятанным там. Прощайте, храбрые смертные, и удачи. Помните: Аламар МОЖЕТ быть побежден. +2,000,000 опыта.
944|Don't even THINK about taking my statuette!|Даже НЕ думайте взять мою статуэтку!
945|Statuette|Статуэтка
946|And so, one by one, the dead began to rise from their graves and fight one another between the two necromancers.  The carnage was terrible to behold, the losses devastating.  One by one the dead fell again, too damaged to do more than twitch or thrash about where they lay.  Broken skeletons and corpses began to fill the valley between the burial mounds upon which the necromancers were standing.  The dead began to clamber atop the piled corpses in their efforts to slay the opposing necromancers.  But the battle raged on, filling the valley between the mounds 'til morning, then from morning to afternoon, and then again to blackest night.|И так, один за другим, мёртвые начали подниматься из могил и драться друг с другом между двумя некромантами. Побоище было ужасным, потери катастрофическими. Один за другим мёртвые снова падали, слишком поврежденные, чтобы делать что-то, кроме как дёргаться и метаться там, где они лежали. Сломанные скелеты и трупы начали заполнять долину между курганами, на которых стояли некроманты. Мёртвые начали карабкаться поверх гор трупов в стремлении убить противостоящих некромантов. Но битва продолжалась, наполняя долину телами между курганами с ночи до утра, с утра до обеда, и снова до тёмной ночи.
947|Aye, the battle raged a full five days, filling the cemetery with a stench the world has never known.  The armies of the dead dwindled as the supply of working corpses was used up. Soon the bodies had been piled so high that a kind of bridge formed between the two burial mounds, and the necromancers approached each other, urging their remaining servants forward.  Still the killing continued, and the necromancers drew within spittin' distance.  And as the last of the walking dead finished themselves off, the two met and came to blows.  The exhausted necromancers fought and wrestled over the mountain of corpses when suddenly Death caught hold of Darkness' throat, and Darkness of Death's. There Darkness and Death gasped out their last breath together, dying as one at the very top of the hideous mountain they had created.|И продолжалось сражение целых пять дней, наполняя кладбище смрадом никогда не известного миру зловония. Армии мёртвых сокращались, поскольку убывало количество трупов, сражаться способных. И нагромождены вскоре тела были так высоко, что образовался мост между двумя курганами, и стали некроманты ближе друг к другу, и бросили они в бой оставшиеся войска. Продолжилось сражение, и вот некроманты уж доплюнуть друг до друга могут. И пал когда последний из ходячих мертвецов, встретились они и сразились. Измученные некроманты сражались и боролись на горе из тел, когда вдруг Смерть схватил Тьму за горло, а Тьма - Смерть. И испустили Тьма и Смерть последний вздох свой одновременно, и умерли они вместе на вершине горы ужасной, которую сами же и воздвигли.
948|Guild|Гильдия
949|====|====
950||
951|Alcove|Ниша
952|{3:c}{b:010}Nothing here.|{3:c}{b:010}Здесь ничего нет.
953|Box|Коробка
954|Sewer Drain|Канализационный Слив
955|Barrel|Бочка
956|A sign on the barrel says: Food for the dead, keep warm.|Наклейка на бочке гласит: Пища для мёртвых, держать в тепле.
957|{3:c}{b:010}Nothing here.|{3:c}{b:010}Здесь ничего нет.
958|You are not strong enough to pry the lid off the barrel.|Вы недостаточно сильны, чтобы поднять крышку.
959|Dead Food|Мертвечина
960|Eating the Food of the Dead gives you 1 level (permanent).|Употребление в пищу мертвечины даёт вам 1 уровень (постоянно).
961|Mummy's Secret Treasure|Таинственное сокровище мумии
962|====|====
963||
964|Exit Olympus?|Спуститься с Олимпа?
965|Descend into the sewer?|Спуститься в стоки?
966|Box|Коробка
967|Scroll|Свиток
968|All beings have a true name.  Alamar's true name, for instance, is Sheltem.|Все живые существа имеют настоящие имена. Например, настоящее имя Аламара - Шелтем.
969|The Voweless knights leave vowels out of their writings.  Their questions never change from year to year, so here is a compilation of the answers:  {a}{a}Let sleeping dogs lie{a}He who laughs last, laughs best{a}The needs of the many outweigh the needs of the few{a}Love of money is the root of all evil{a}Don't look a gift horse in the mouth{a}A fool and his money are soon parted{a}If wishes were horses, beggers would ride|Безгласные рыцари оставили в своих писаниях только согласные. Их вопросы не меняют из года в год, поэтому здесь представлены все возможные ответы: {a}{a}Не буди лихо, пока оно тихо{a}Хорошо смеётся тот, кто смеётся последним{a}Потребности большинства, перевешивают потребности меньшинства{a}Любовь к деньгам - корень всех бед{a}Дарёному коню в зубы не смотрят{a}У дурака деньги не задерживаются{a}Кабы сивому коню чёрную гриву, был бы буланый
970|The Drawkcab Monks study the Palindrome.|Монахи Дерепан Модаз изучают палиндромы.
971|Miles the Cartographer is speaking of Sandcaster in his cartography puzzle.|В своей картографической загадке картограф Майлз спрашивает про Сэндкастер.
972|The Olympus Guild is always looking for more members.  Membership in the guild is, of course, free.|Гильдия Олимпа всегда рада новым членам. Членство в гильдии, конечно же, бесплатно.
973|Guild Membership|Членство в гильдии
974|Plaque|Табличка
975|Welcome to Olympus|Добро пожаловать на Олимп
976|A plaque at the base of the statue reads:  If Pharaoh's realm should take a fall{a}The Dragon must put forth a call{a}Mystic orb to the wind is cast{a}Seeks the hand of heroes last{a}Four parts castle at five per stage{a}A score of disks to help the Mage|Табличка у основания памятника гласит: Если царство Фараона падёт{a}Дракон должен позвать{a}Мистический шар на ветер брошен{a}Искать силы героев прошлого{a}Четыре части башни по пять на этап{a}Раздобыть диски, чтобы помочь Магу
977|A plaque at the base of the statue reads:  A Golden bird will sorrow ease{a}Sweet song will Knight's lost soul appease{a}Help the rider to soothe the beast{a}Gain a flight when expected least{a}The symbol of royal power{a}Frees the Queen from evil tower|Табличка у основания памятника гласит: Золотая птица печаль облегчит{a}Сладкая песня Рыцаря душу потерянную успокоит{a}Помогите всаднику зверя унять{a}Полёт обрести когда не ждёшь его совсем{a}Символ королевской власти{a}Освободит  Королеву от башни злодейской
978|A plaque at the base of the statue reads:  Dragon's orb the world shall roam{a}Yet must again return to home{a}Pharaoh's magic back in its place{a}Helps to free the visitor from space{a}Code's the key to thinking machines{a}Starman knows the truth about Xeen|A plaque at the base of the statue reads:  Dragon's orb the world shall roam{a}Yet must again return to home{a}Pharaoh's magic back in its place{a}Helps to free the visitor from space{a}Code's the key to thinking machines{a}Starman knows the truth about Xeen
979|A plaque at the base of the statue reads:  Dragon once more will get you by{a}Owns key to city of the sky{a}Starman needs to hide in a box{a}Alamar's defenses outfox{a}Face to face in Alamar's lair{a}Out the box springs the land's last prayer|A plaque at the base of the statue reads:  Dragon once more will get you by{a}Owns key to city of the sky{a}Starman needs to hide in a box{a}Alamar's defenses outfox{a}Face to face in Alamar's lair{a}Out the box springs the land's last prayer
980|Adonis{a}{9:125}the Handsome|Адонис{a}{9:125}красавчик
981|Ever lie down on your belly and look over the edge of the cloud?  The people are so small they look like ants, and the mountains and trees look like children's toys.|Когда-нибудь лягте на живот и посмотрите через край облака? Люди такие маленькие, что похожи на муравьёв, а горы и деревья на детские игрушки.
982|Ligono{a}{9:125}the Ghost|Лигоно{a}{9:125}призрак
983|It's good to see you again, friends.  I have arrived at my proper resting place, thanks to you.  Since I've been here, I have heard a lot about you, and I wish you well in your quest.  I can tell you one thing:  You cannot enter Alamar's Castle from the top without defeating the Megadragon.  Since that is almost impossible, you should just walk in from the front.|Рад видеть вас снова, друзья. Благодаря вам я добрался до своего последнего пристанища. Пока я здесь находился, я много о вас услышал и желаю вам удачи в ваших поисках. Скажу вам одну вещь: "Вы не можете войти Замок Аламара через верх, пока не одолеете Мегадракона. Это практически невозможно, поэтому вы должны идти в лоб.
984|Athena{a}{9:125}the Gourmet|Афина{a}{9:125}Изысканная
985|Fill your packs with the nectar of the Gods while you are here.  Those supplies will last much longer than the earthly ones you are used to.|Наполните свои мешки нектаром богов, пока вы здесь. Этой провизии вам хватит намного дольше, чем земной, к которой вы привыкли.
986|Hermes{a}{9:125}the Messenger|Гермес{a}{9:125}посланник
987|Pears just about everywhere cost but 1 gold.|Груши чуть ли не везде стоят всего лишь 1 золотой.
988|Atlas{a}{9:125}the Strong|Атлас{a}{9:125}силач
989|Alamar's birth number is nine, so he naturally prefers to use that number, for any particular purpose, above all others.|Дата рождения Аламара - девятое, поэтому он, естественно, предпочитает использовать эту цифру в любых целях чаще всех остальных.
990|Zeus{a}{9:125}the Supreme|Зевс{a}{9:125}Вседержитель
991|Prince Roland is held by Alamar in the bottom level of the Castle.|Аламар удерживает приинца Роланда на нижнем этаже замка.
992|Training|Тренировочная
993|Blacksmith|Кузница
994|Guild|Гильдия
995|Temple|Храм
996|Soul Storage|Ханилище душ
997|Nothing here.|Здесь ничего нет.
998|Hera{a}{9:125}the Wise|Гера{a}{9:125}премудрая
999|I'm waiting for my friend Ligono.  If you see him, tell him to meet me here.|Я жду своего друга Лигоно. Если вы его увидите, скажи ему, чтобы он встретился со мной здесь.
1000|Tavern|Таверна
1001|====|====
1002||
1003|Drain|Слив
1004|You find a piece of a note that reads:  TR|Вы нашли обрывок записки, на котором написано: ТР
1005|You find a piece of a note that reads:  IB|Вы нашли обрывок записки, на котором написано: ИБ
1006|You find a piece of a note that reads:  BL|Вы нашли обрывок записки, на котором написано: БЛ
1007|You find a piece of a note that reads:  ES|Вы нашли обрывок записки, на котором написано: Ы
1008|A disembodied voice booms, "What's the password?"|Бестелесный голос рокочет: "Какой пароль?"
1009|tribbles|трибблы
1010|tribble|триббл
1011|Wrong! You may not pass!|Неправильно! Вы не можете пройти!
1012|Correct! You may pass.|Верно! Вы можете пройти.
1013|Scroll|Свиток
1014|Search the drains.|Поиск сливов.
1015|Cyrano sells the password.|Сирано продаёт пароль.
1016|Cyrano Jones{a}{9:125}the Salesman|Сирано Джонс{a}{9:125}продавец
1017|How would you like one of these little furry creatures? They make great companions and they are only 100,000 gold. What do you say?|Как насчёт одного из этих маленьких пушистых созданий? Они отличные спутники и стоят всего 100 000 золотых. Что скажете?
1018|You know TRIBBLES are great companions but you'll be surprised what doors they can open for you!|Знаете, ТРИББЛЫ - отличные спутники, но вы удивитесь, какие двери они могут для вас открыть!
1019|Bed|Кровать
1020|{3:c}{b:010}Nothing here.|{3:c}{b:010}Здесь ничего нет.
1021|Maybe some other time.|Может быть, в другой раз.
1022|Pets Unlimited|С домашними животными вход разрешён.
1023|====|====
1024||
1025|Exit the Gemstone Mines?|Покинуть шахты самоцветов?
1026|Diamond vein|Алмазная жила
1027|Ruby vein|Рубиновая жила
1028|Emerald vein|Изумрудная жила
1029|Sapphire vein|Сапфировая жила
1030|Bones|Кости
1031|Cobwebs|Паутина
1032|Rubble|Обломки
1033|Gem maker's throne|Трон творца самоцветов
1034|empty|пусто
1035|You've got all this vein has to offer.|Вы полностью истощили эту жилу.
1036|A gem exploded!|Самоцвет взорвался!
1037|Bones|Кости
1038|The bones explode!|Кости взрываются!
1039|The bones crumble to dust in your hands|Кости рассыпаются в пыль в ваших руках
1040|{3:c}{b:010}Nothing here.|{3:c}{b:010}Здесь ничего нет.
1041|I am the god of these mountains.  If you give me 250,000 of your gold pieces, I will use them to replenish the gems inside the mountains.|Я бог этих гор. Если вы дадите мне 250 000 золотых монет, я использую их, чтобы восстановления самоцветов в горах.
1042|Thank you.  I will replenish the gems.|Спасибо. Я буду снова восстанавливать самоцветы.
1043|Rubble|Обломки
1044|God{a}{9:125}of Minerals|Бог{a}{9:125}минералов
1045|====|====
1046||
1047|Chest|Сундук
1048|Troll Juice|Сок троллей
1049|This stuff is poisonous, but the experience improves you +1 all statistics (permanent).|Эта штука ядовитая, но полученный опыт повышает все ваши показатели на +1 (постоянно).
1050|Expired Adventurer|Скончавшийся приключенец
1051|{3:c}{b:010}Nothing here.|{3:c}{b:010}Здесь ничего нет.
1052|A message on thieve's guild letterhead reads:  To all members: The Trolls have stolen our gold.  Get it back no matter the cost!|Послание, написанное на бланке гильдии воров, гласит: Вниманию всех членов. Тролли украли наше золото. Верните его любой ценой!
1053|A message on thieve's guild letterhead reads:  To all members: Troll holes located at B4,8,12; B4 12,13; B4,11,6; C3,2,0; C4,7,5; C4,13,5; C4,14,11.|Послание, написанное на бланке гильдии воров, гласит: Ямы троллей находятся в B4,8,12; B4 12,13; B4,11,6; C3,2,0; C4,7,5; C4,13,5; C4,14,11.
1054|A message on thieve's guild letterhead reads:  To all members: Troll holes located at D4,8,12; D4,14,5; E3,7,0; E4,6,8; E4,5,5; E4,13,6; C4,4,14.|Послание, написанное на бланке гильдии воров, гласит: Ямы троллей находятся в D4,8,12; D4,14,5; E3,7,0; E4,6,8; E4,5,5; E4,13,6; C4,4,14.
1055|Throne|Трон
1056|The throne is vacant.|Трон свободен.
1057|Hobstadt{a}{9:125}Troll King|Гобстадт{a}{9:125}король троллей
1058|I am Hobstadt, Strongest of the Trolls. You are here. You will:|Я Гобстадт, сильнейший из троллей. Вы здесь. Вы:
1059|Exit the Troll Hole?|Покинуть яму тролля?
1060|1) Give me all your gold.{a}2) Sacrifice one of your number to me.{a}3) Fight me to the death.|1) Отдай мне всё своё золото.{a}2) Пожертвуй мне один из своих номеров.{a}3) Сражайся со мной на смерть.
1061|====|====
1062||
1063|Exit Castle Kalindra?|Покинуть замок Калиндры?
1064|South Wing|Южное крыло
1065|North Wing|Северное крыло
1066|Banquet Hall|Банкетный зал
1067|Cloud Stairs|Облачная лестница
1068|Throne Room|Тронный зал
1069|Coat Closet|Гардеробная
1070|Armory|Оружейная
1071|Kitchen|Кухня
1072|Armory|Оружейная
1073|Your foot passes through the stairs as though they were mist.  This level is out of phase and inaccessible.|Ваша нога проваливается сквозь ступеньку, будто она всего лишь туман. Этот этаж не находится в фазе и недоступен.
1074|Your foot passes through the stairs as though they were mist.  This level is out of phase and inaccessible.|Ваша нога проваливается сквозь ступеньку, будто она всего лишь туман. Этот этаж не находится в фазе и недоступен.
1075|Gem{a}{9:125}the Empath|Гем{a}{9:125}эмпат
1076|As an empath, I am quite perceptive to my surroundings.  Since you are on a quest to save the world, I'll teach you to be more aware of of immediate danger for free.|Будучи эмпатом, я довольно восприимчив к окружающему меня. Коль вы пытаетесь  спасти мир, я научу вас быть более осведомлённым относительно грозящей опасности бесплатно.
1077|Danger Sense|Чувство опасности
1078|Errol{a}{9:125}the Agile|Эррол{a}{9:125}шустрый
1079|I am the castle Armsmaster.  I will teach you to use your weapons more accurately in combat for free, if you like.|Я местный оружейник. Если хотите, я бесплатно обучу вас более правильно пользоваться своим оружием в бою.
1080|Arms Master|Оружейник
1081|Kenneth{a}{9:125}the Butler|Кеннет{a}{9:125}дворецкий
1082|Thanks for bringing the castle back to reality.  We've been trapped here ever since Alamar moved the Castle out of phase.  We were starting to run out of food!|Спасибо, что вернули замок в реальность. Мы оказались в ловушке, когда Аламар переместил замок из фазы. У нас начали заканчиваться запасы еды!
1083|Terry{a}{9:125}the Waiter|Терри{a}{9:125}официант
1084|Surely you must know what Alamar has done!  No?  Why, he slew the guards and stole the Cube of Power, that's what!|Вы конечно же знаете, что сделал Аламар! Нет? Как? Он убил охранников и украл куб силы, вот что!
1085|Button|Кнопка
1086|{3:c}{b:010}Nothing here.|{3:c}{b:010}Здесь ничего нет.
1087|Queen Kalindra|Королева Калиндра
1088|I'm sorry, adventurers, but I have no new information for you.  I can only waste your valuable time chatting with you.  Good luck in your Quest.|Мне очень жаль, искатели приключений, но у меня нет для вас никакой новой информации. Я могу только потратить ваше драгоценное время на пустые разговоры. Удачи в ваших поисках.
1089|reserved|заказан
1090|I'm sorry, adventurers, but I have no new information for you.  I can only waste your valuable time chatting with you.|Мне очень жаль, искатели приключений, но у меня нет для вас никакой новой информации. Я могу только потратить ваше драгоценное время на пустые разговоры. Удачи в ваших поисках.
1091|Go, now, adventurers.  Your destiny lies on the other side of the world.|Теперь идите, искатели приключений. Ваша судьба находится на другой стороне мира.
1092|reserved|заказан
1093|reserved|заказан
1094|reserved|заказан
1095|Audrey{a}{9:125}the Cook|Аудрей{a}{9:125}повар
1096|We were stuck in this castle for a long time!  If it weren't for our large stockpile of sun dried lizard innards we surely would have starved to death.  Lizard innards are probably the most filling and wholesome food in all of Darkside.|Мы застряли в этом замке на очень долго! Не будь у нас большого запаса высушенных на солнце внутренностей ящериц, мы наверняка бы умерли от голода. Внутренности ящериц, возможно, самая питательная и здоровая пища для всех жителей Тёмной стороны.
1097|Carl{a}{9:125}the Mason|Карл{a}{9:125}каменщик
1098|I helped build Castle Kalindra.  The place is full of secret doors and traps.  If you ever come to a dead end in the castle, just keep walking.  The wall may be an illusion.|Я помог построить замок Калиндры. Это место полно тайных дверей и ловушек. Если вы когда-нибудь зайдёте здесь в тупике, просто продолжайте идти. Стена может оказаться иллюзией.
1099|James{a}{9:125}the Spy|Джеймс{a}{9:125}шпион
1100|While Alamar was still pretending to be a good guy and living off the Queen's hospitality, I overheard him telling a servant of his that he had Prince Roland in his "basement".|В то время когда Аламар ещё притворялся хорошим парнем и пользовался гостеприимством королевы, я услышал, как он рассказывал своему слуге, что он держит принца Роланда в своём "подвале".
1101|Barrel|Бочка
1102|Safe|Сейф
1103|No luck.|Не повезло.
1104|Enter Combination.  You think it's ?.  Left?|Введите комбинацию. Вы думаете, что это ?. Слева?
1105|Enter Combination.  You think it's ?.  Right?|Введите комбинацию. Вы думаете, что это ?. Справа?
1106|Enter Combination.  You think it's 36.  Left?|Введите комбинацию. Вы думаете, что это 36. Слева?
1107|Enter Combination.  You think it's 26.  Right?|Введите комбинацию. Вы думаете, что это 26. Справа?
1108|Enter Combination.  You think it's 8.  Left?|Введите комбинацию. Вы думаете, что это 8. Слева?
1109|Enter Combination.  You think it's 12  Right?|Введите комбинацию. Вы думаете, что это 12. Справа?
1110|Enter Combination.  You think it's 32  Left?|Введите комбинацию. Вы думаете, что это 32. Слева?
1111|8|8
1112|12|12
1113|32|32
1114|Enter Combination.  You think it's 4.  Left?|Введите комбинацию. Вы думаете, что это 4. Слева?
1115|Enter Combination.  You think it's 9.  Right?|Введите комбинацию. Вы думаете, что это 9. Справа?
1116|Enter Combination.  You think it's 53.  Left?|Введите комбинацию. Вы думаете, что это 53. Слева?
1117|4|4
1118|9|9
1119|53|53
1120|Enter Combination.  You think it's 69.  Left?|Введите комбинацию. Вы думаете, что это 69. Слева?
1121|Enter Combination.  You think it's 25.  Right?|Введите комбинацию. Вы думаете, что это 25. Справа?
1122|Enter Combination.  You think it's 71.  Left?|Введите комбинацию. Вы думаете, что это 71. Слева?
1123|69|69
1124|25|25
1125|71|71
1126|Enter Combination.  You think it's 14.  Left?|Введите комбинацию. Вы думаете, что это 14. Слева?
1127|Enter Combination.  You think it's 4.  Right?|Введите комбинацию. Вы думаете, что это 4. Справа?
1128|Enter Combination.  You think it's 25.  Left?|Введите комбинацию. Вы думаете, что это 25. Слева?
1129|14|14
1130|4|4
1131|25|25
1132|Enter Combination.  You think it's 12.  Left?|Введите комбинацию. Вы думаете, что это 12. Слева?
1133|Enter Combination.  You think it's 99.  Right?|Введите комбинацию. Вы думаете, что это 99. Справа?
1134|Enter Combination.  You think it's 12.  Left?|Введите комбинацию. Вы думаете, что это 12. Слева?
1135|12|12
1136|99|99
1137|12|12
1138|Enter Combination.  You think it's 6.  Left?|Введите комбинацию. Вы думаете, что это 6. Слева?
1139|Enter Combination.  You think it's 6.  Right?|Введите комбинацию. Вы думаете, что это 6. Справа?
1140|Enter Combination.  You think it's 6.  Left?|Введите комбинацию. Вы думаете, что это 6. Слева?
1141|6|6
1142|6|6
1143|6|6
1144|Enter Combination.  You think it's 5.  Left?|Введите комбинацию. Вы думаете, что это 5. Слева?
1145|Enter Combination.  You think it's 17.  Right?|Введите комбинацию. Вы думаете, что это 17. Справа?
1146|Enter Combination.  You think it's 58.  Left?|Введите комбинацию. Вы думаете, что это 58. Слева?
1147|5|5
1148|17|17
1149|58|58
1150|Tapestry|Гобелен
1151|====|====
1152||
1153|Your foot passes through the stairs as though they were mist.  This level is out of phase and inaccessible.|Ваша нога проваливается сквозь ступеньку, будто она всего лишь туман. Этот этаж не находится в фазе и недоступен.
1154|South Stairs|Южная лестница
1155|Vaults|Погреб
1156|Captain's Quarters|Комната начальника
1157|Captain's Quarters|Комната начальника
1158|Dimitri,{a}{9:125}Captain of the Guard|Димитрий{a}{9:125}начальник стражи
1159|Go away.  I don't want to talk to anyone!  Leave me alone in my misery!|Уходите. Я не хочу ни с кем разговаривать! Оставьте меня наедине с моим горем!
1160|Thank you for bringing me the Songbird of Serenity.  Hearing its beautiful song has cleansed my spirit and filled me with hope.  I believe if you could bring Kalindra her Royal Crown, it will restore her back to herself.  Her crown is in the wall safe in her bedroom, which is located on the 3rd level of the castle.  Unfortunately, I do not have the combination--Only Queen Kalindra knows it.  But I can give you the combination to the safes on this level that contain energy discs.  It is 64,52,31.  Remember, only Queen Kalindra has the combination to her safe.|Спасибо, что принесли мне певчую птицу безмятежности. От её прекрасной песни очистился мой дух, и я наполнился надеждой. Думаю, что если вы сможете принести Калиндре её корону, она вернёт ей нормальное состояние. Её корона находится в настенном сейфе в её спальне, которая расположена на 3-м этаже замка. К сожалению, у меня нет комбинации от сейфа: она известна только королеве Калиндре. Но я могу сказать вам комбинации от сейфов на этом этаже, в которых лежат энергетические диски. Это 64, 52, 31. Помните, только королева Калиндра знает комбинацию к своему сейфу.
1161|I see you couldn't find a way into Castle Blackfang.  If you talk to Ambrose, the Queen's knight, perhaps he could help you get in.  Last I heard, he was near Griffin Pass.  Tell him Dimitri sent you.|Вижу, вы не нашли способ попасть в замок Чёрного Клыка. Если вы обратитесь к Эмброзу, рыцарю королевы, возможно, он поможет вам туда попасть.  Последнее, что я слышал, он был недалеко от ущелья Грифона. Скажите ему, что вас послал Димитрий.
1162|Please return the Queen's crown to her immediately.|Пожалуйста, как можно скорее верните корону королеве.
1163|Adventurers, I will always be in your debt for rescuing our beloved Queen.|Искатели приключений, я буду в неоплатном долгу перед вами за спасение нашей любимой Королевы.
1164|Nice to see you again.|Рад вас видеть.
1165|Nice to see you again.|Рад вас видеть.
1166|Megan,{a}{9:125}Daughter of Dimitri|Меган{a}{9:125}дочь Димитрия
1167|I'm sorry you have travelled so far for nothing, but my father is so despondent he will not see anyone.  He blames himself for the kidnapping of Queen Kalindra and the loss of the Cube of Power.  He was responsible for protecting the Queen and he has failed in his duty.  If only he would realize it wasn't his fault!  No one could have stopped Alamar from taking the Cube of Power and giving Queen Kalindra to Count Blackfang.{a}{a}I'm sure my father could think of a way to rescue the Queen if we could just help him feel better.  I have heard talk of a songbird that sings so sweetly that it can uplift the spirit of anyone who listens to it.  If my father could just hear it, perhaps it would bring him out of his gloom.  I also heard that this bird has been seen in the dungeon on the Isle of Lost Souls.  Please, take this key.  You'll need it to get it.|Мне очень жаль, что вы проделали такой долгий путь впустую. Мой отец настолько подавлен, что никого не хочет видеть. Он винит себя в похищении королевы Калиндры и утрате Куба Силы. Отец отвечал за защиту королевы и не справился со своей обязанностью. Если бы только он понял, что это не его вина! Никто не мог помешать Аламару забрать Куб Силы и отдать королеву Калиндру графу Чёрного клыка.{a}{a}Уверена, мой отец придумает способ спасти королеву, если мы поможем ему поверить в себя. Я слышала о певчей птице, которая поёт так сладко, что её песня может вывести слушателей из уныния. Услышь отец эту птицу, возможно, его мрачные мысли ушли бы прочь. Поговаривали, что её видели в подземелье острова Потерянных душ. Пожалуйста, возьмите этот ключ. Он понадобится вам, чтобы заполучить птицу.
1168|You must go to the Isle of Lost Souls and find the song bird for my father.|Вы должны отправиться на остров Потерянных душ и найти певчую птицу для моего отца.
1169|Give the song bird to my father and let him hear her sing and then return to me.|Отдайте птицу моему отцу, и пусть он послушает её пение, а затем возвращайтесь ко мне.
1170|Thank you for bringing my father out of his gloom.  I will always be grateful. +3,000,000 experience.|Спасибо, что вывели моего отца из уныния. Моя благодарность не знает границ. +3 000 000 опыта.
1171|I will always be grateful for what you have done for me and my father.|Моя благодарность не знает границ за то, что вы сделали для меня и моего отца.
1172|Nice to see you again.|Рада вас видеть.
1173|Nice to see you again.|Рада вас видеть.
1174|Bed|Кровать
1175|{3:c}{b:010}Nothing here.|{3:c}{b:010}Здесь ничего нет.
1176|Way of Astrology|Путь астрологии
1177|Safe|Сейф
1178|No Luck|Не повезло
1179|Enter Combination.  You think it's ?.  Left?|Введите комбинацию. Вы думаете, что это ?. Слева?
1180|Enter Combination.  You think it's ?.  Right?|Введите комбинацию. Вы думаете, что это ?. Справа?
1181|64|64
1182|52|52
1183|31|31
1184|Sleeping Chambers|Опочивальня
1185|Tapestry|Гобелен
1186|====|====
1187||
1188|Royal Bed Chamber|Королевская опочивальня
1189|Button|Кнопка
1190|Bed|Кровать
1191|{3:c}{b:010}Nothing here.|{3:c}{b:010}Здесь ничего нет.
1192|Barrel|Бочка
1193|Queen's Brew|Еда королевы
1194|+10 personality (permanent).|+10 к силе духа (постоянно).
1195|Knight's Brew|Еда рыцаря
1196|+10 might (permanent).|+10 к силе (постоянно).
1197|Safe|Сейф
1198|No Luck|Не повезло
1199|Enter Combination.  You think it's ?.  Left?|Введите комбинацию. Вы думаете, что это ?. Слева?
1200|Enter Combination.  You think it's ?.  Right?|Введите комбинацию. Вы думаете, что это ?. Справа?
1201|3|3
1202|31|31
1203|62|62
1204|Activate Mirror Portals?|Активировать зеркальные порталы?
1205|Tapestry|Гобелен
1206|Nothing here.|Здесь ничего нет.
1207|====|====
1208||
1209|Maximum Security|Особый режим
1210|Bed|Кровать
1211|{3:c}{b:010}Nothing here.|{3:c}{b:010}Здесь ничего нет.
1212|Guido{a}{9:125}the Convict|Гвидо{a}{9:125}осуждённый
1213|I have been imprisoned unjustly, but now is the time to escape! If you will just unlock these chains, I will give you the combination to the tougher safes in the castle.  C'mon, Waddaya say?|Я был несправедливо заключён в тюрьму, но сейчас самое время бежать! Если вы разомкнёте эти цепи, я дам вам комбинацию цифр сейфа в замке. Ну, что скажете?
1214|Prisoner list|Список узников
1215|The Book reads:  {a}{a}One Thief, Known as Guido the Convict, to be Held for a Period of Time not less than Four Years but not more than Eight, for Abrogation of Sworn Contracts and Stealing from the Public Treasury.|Книга гласит: {a}{a}Один вор, известный как Гвидо Каторжник, должен содержаться в заключении не менее четырёх лет, но не более восьми, по причине обвинения в (неправомерном) расторжении договора и хищении из государственной казны.
1216|Prisoner list|Список узников
1217|One Lich, Known as Vexor the Black, to be Held Indefinitely, for the Crime of Necromancy.{a}One Lich, Known as Clemon the Dead, to be Held Indefinitely, for the Crime of Necromancy.{a}One Lich, Known as Saxar the Permanent, to be Held Indefinitely, for the Crime of Necromancy.{a}One Dragon Mummy, formerly Iron Vithnipravad, to be Held until proper reburial can be arranged.{a}One Dragon Mummy, formerly Argonax, to be Held until proper reburial can be arranged.{a}One Dragon Mummy, formerly Drothnavod the Weighty (A.K.A. Scraps), to be Held until proper reburial can be arranged.|Лич, известный как Вексор Чёрный, будет заключён на неопределённый срок за преступления некромантии. {a}Лич, известный как Клемон Мёртвый, будет заключён на неопределённый срок за преступления некромантии. {a}Лич, известный Саксар Неизменный, будет заключён на неопределённый срок за преступления некромантии. {a}Драконья Мумия, ранее известный как Железный Витнаправад, заключается под стражу до проведения надлежащего перезахоронения. {a} Драконья Мумия, ранее известный как Агронакс, заключается под стражу до проведения надлежащего перезахоронения. {a}Драконья Мумия, ранее известный как Дротнавод Увесистый (он же - Обрывок), заключается под стражу до проведения надлежащего перезахоронения.
1218|Barrel|Бочка
1219|Safe|Сейф
1220|No luck.|Не повезло.
1221|Enter Combination.  You think it's ?.  Left?|Введите комбинацию. Вы думаете, что это ?. Слева?
1222|Enter Combination.  You think it's ?.  Right?|Введите комбинацию. Вы думаете, что это ?. Справа?
1223|Enter Combination.  You think it's 36.  Left?|Введите комбинацию. Вы думаете, что это 36. Слева?
1224|Enter Combination.  You think it's 26.  Right?|Введите комбинацию. Вы думаете, что это 26. Справа?
1225|Enter Combination.  You think it's 7.  Left?|Введите комбинацию. Вы думаете, что это 7. Слева?
1226|Enter Combination.  You think it's 7.  Right?|Введите комбинацию. Вы думаете, что это 7. Справа?
1227|Enter Combination.  You think it's 7.  Left?|Введите комбинацию. Вы думаете, что это 7. Слева?
1228|7|7
1229|7|7
1230|7|7
1231|Enter Combination.  You think it's 3.  Left?|Введите комбинацию. Вы думаете, что это 3. Слева?
1232|Enter Combination.  You think it's 6.  Right?|Введите комбинацию. Вы думаете, что это 6. Справа?
1233|Enter Combination.  You think it's 9.  Left?|Введите комбинацию. Вы думаете, что это 9. Слева?
1234|3|3
1235|6|6
1236|9|9
1237|Enter Combination.  You think it's 1.  Left?|Введите комбинацию. Вы думаете, что это 1. Слева?
1238|Enter Combination.  You think it's 2.  Right?|Введите комбинацию. Вы думаете, что это 2. Справа?
1239|Enter Combination.  You think it's 3.  Left?|Введите комбинацию. Вы думаете, что это 3. Слева?
1240|1|1
1241|2|2
1242|3|3
1243|Enter Combination.  You think it's 10.  Left?|Введите комбинацию. Вы думаете, что это 10. Слева?
1244|Enter Combination.  You think it's 20.  Right?|Введите комбинацию. Вы думаете, что это 20. Справа?
1245|Enter Combination.  You think it's 30.  Left?|Введите комбинацию. Вы думаете, что это 30. Слева?
1246|10|10
1247|20|20
1248|30|30
1249|Enter Combination.  You think it's 10.  Left?|Введите комбинацию. Вы думаете, что это 10. Слева?
1250|Enter Combination.  You think it's 11.  Right?|Введите комбинацию. Вы думаете, что это 11. Справа?
1251|Enter Combination.  You think it's 12.  Left?|Введите комбинацию. Вы думаете, что это 12. Слева?
1252|10|10
1253|11|11
1254|12|12
1255|You must think I am lying to you!  Believe you me, I would never do that.  I am innocent!  Look, you think about it and come back to me when you are ready to do the right thing.  I'll be here waiting for you.|Вы, наверное, думаете, что я вас обманул! Поверь мне, я никогда бы этого не сделал. Я невиновен! Послушайте, вы обдумайте это и вернитесь ко мне когда будете готовы делать правильные выводы. Я буду ждать вас здесь.
1256|Hey, thanks a lot!  You didn't make a mistake, TRUST me.  Try 10,11,12 on the tougher safes.  See ya.|Привет, спасибо большое! Вы не ошиблись, поверьте мне. Попробуйте 10,11,12 на трудных сейфах. Увидимся.
1257|Tapestry|Гобелен
1258|A note reads:{a}Beware of Scraps!|Записка гласит:{a}Остерегайтесь Скрэпса!
1259|A note reads:{a}Don't feed Scraps.|Записка гласит:{a}Не кормите Скрэпса.
1260|A note reads:{a}Don't let Scraps out!|Записка гласит:{a}Не выпускайте Скрэпса!
1261|====|====
1262||
1263|Ambrose|Эмброз
1264|Are you ready to leave this awful place, friends?|Вы готовы покинуть это ужасное место, друзья?
1265|Bones|Кости
1266|{3:c}{b:010}Nothing here.|{3:c}{b:010}Здесь ничего нет.
1267|You find the diary this dead adventurer had been carrying.  Only a fragment remains:  {a}{a}...entering the black castle today.  The Queen is captive somewhere within its walls, and we must remain inside the castle 'til nightfall or she would surely die once we brought her into the light.  I fear, however, that we lack the means to restore her humanity, and the people may reject a vampiric ruler.  On the bright side..."|Вы находите дневник, который носил мёртвый авантюрист. Остался только фрагмент: {a}{a}...сегодня входим в чёрный замок. Королева в плену где-то в его стенах, и мы должны оставаться в замке до наступления сумерек поскольку она, несомненно, умрёт, как только мы вывезем её под дневной свет. Однако я опасаюсь, что нам не хватает средств, чтобы восстановить её человечность, и подданные могут отказаться от вампирского правителя. На яркой стороне..."
1268|You find some scraps of paper that this dead adventurer had been using to keep notes on.  They read:  {a}{a}Coffins contain treasure and vampires.{a}Floor traps are regularly spaced.  Remember to get Sorcerer to Jump us over them. {a}The Count's magic keeps us from descending.  Be sure to kill him when we get a chance.|Вы находите клочки бумаги, на которых этот мёртвый авантюрист составлял свои примечания. Они гласят: {a}{a}гробы содержат сокровища и вампиров.{a}ловушки расставлены через регулярные промежутки. Возьмите Колдуна в партию, чтобы перепрыгивать их. {a}магия Графа не даёт нам попасть вниз. Будьте готовы убить его, когда представится шанс.
1269|Gong|Гонг
1270|You hear a rumbling in the distance.|Вдалеке вы слышите громыхание.
1271|Coffin|Гроб
1272|{3:c}{b:010}Nothing here.|{3:c}{b:010}Здесь ничего нет.
1273|====|====
1274||
1275|Coffin|Гроб
1276|{3:c}{b:010}Nothing here.|{3:c}{b:010}Здесь ничего нет.
1277|====|====
1278||
1279|A force like wind pushes you back, lightly at first, but gaining strength as you put more effort into advancing.  You are unable to descend.|A force like wind pushes you back, lightly at first, but gaining strength as you put more effort into advancing.  You are unable to descend.
1280|Coffin|Гроб
1281|The coffin is empty.|Гроб пуст.
1282|Bones|Кости
1283|You find the diary of an adventurer past.  Only a small portion remains legible:  {a}{a}1/8/753:  Zarkon the "Great" really screwed up that teleport spell this time.  Where are we?  It smells bad in here, and I have a feeling that someone doesn't want us in their cave.{a}1/9/753:  Kloikus Thunbeard the Round came to a bad end today.  He was struggling up a ladder in his ridiculous armor when one of those vampires grabbed for his ankles through a hole in the wall.  He let go of the ladder in his panic and fell a good forty feet.  Popped like a jelly donut.  I'm beginning to wonder if we're ever going to get out of here.|Вы находите дневник авантюриста прошлого. Лишь небольшая часть остаётся разборчивой: {a}{a}1/8/753: Заркон "Великий" действительно облажался в этот раз с заклинанием телепорта. Где мы? Это плохо пахнет, и у меня есть ощущение, что кто-то в пещере не рад нам.{a}1/9/753: Клоикус Танберд Круглый плохо кончил сегодня. Он, в его нелепых доспехах, сражался на лестнице, когда один из тех вампиров схватил его за ноги через отверстие в стене. Он отпустил лестницу в панике и упал с добрых сорока футов. Лопнул как пончик. Я начну удивляться, если мы когда-нибудь выберемся отсюда.
1284|You find a diary in the bones, but it has mostly been devoured by rats.  None of what remains is legible.|В костях вы обнаруживаете дневник, но в основном он был съеден крысами. То, что осталось, не поддаётся расшифровке.
1285|Dutchess Blackfang|Герцогиня Чёрного клыка
1286|Countess Blackfang|Графиня Чёрного клыка
1287|Count Blackfang|Граф Чёрного клыка
1288|Lady Blackfang|Дама Чёрного клыка
1289|====|====
1290||
1291|Queen Kalindra|Королева Калиндра
1292|Thank you for trying to rescue me, but I cannot leave this castle ever, as I am now a vampire.  Maybe if you go talk to Dimitri at my castle he will know what to do.  He is a very resourceful man and I've always trusted his judgement.|Спасибо, что пытаетесь меня спасти, но я не могу покинуть этот замок, потому что меня обратили в вампира. Возможно, если вы поговорите с Димитрием в моём замке, он подскажет, что делать. Он очень находчивый человек, и я всегда полагалась на его решение.
1293|Oh, you've already talked to Dimitri.  Of course I will give you the combination to my safe.  It is 3 31 62.|О, вы уже поговорили с Димитрием. Конечно, я скажу вам комбинацию от своего сейфа. Это 3 31 62.
1294|Thank you for bringing me my crown.  Wearing it again has reminded me how much my people need me.  It has made my own will strong enough to reverse the curse of the vampires!  Now that you have saved my life, perhaps you can save the pharaoh, too.  Here is the key to the pyramid where he is now trapped.{a}{a}Now let's get Ambrose and his griffin to fly you out of here, and then he can fly me to my castle. +5,000,000 experience.|Спасибо, что вернули мне корону. Надев её, я снова вспомнила, как мой народ нуждается во мне. Она настолько укрепила мою волю, что это разрушило вампирское проклятие! Теперь, когда вы спасли мою жизнь, возможно, вам удастся помочь Фараону. Вот ключ от пирамиды, в которой он сейчас пленён. {a}{a}Теперь свяжитесь с Амвросием и его грифон увезёт вас отсюда, а после он перенесёт меня в мой замок. +5 000 000 опыта.
1295|====|====
1296||
1297|Exit Castle Alamar?|Покинуть замок Аламар?
1298|Statue|Статуя
1299|The statue speaks as you approach:  {a}{a}I am the statue dedicated to honoring Alamar's efforts to protect Terra from interference from the Ancients.  In spite of the Ancients' attempts to separate Alamar from his rightful guardianship of Terra, Alamar has persevered in his heroic struggle to return to Terra to protect the planet from harm, both internal and external.  Though many years have passed, Alamar's resolve to return to his sacred duty persists.|Как только вы подходите к статуе, она говорит:  {a}{a}Я статуя, которую установили в честь усилий Аламара, направленных на защиту Терры от вмешательства со стороны Древних. Несмотря на попытки Древних отстранить Аламара от выполнения его законной обязанности по охране Терры, он выстоял в этой героической борьбе, чтобы вернуться на Терру и защищать её от угроз, как внутренних, так и внешних. Хотя прошло много лет Аламар сохраняет решимость вернуться к исполнению своего священного долга.
1300|The statue speaks as you approach:  {a}{a}I am the statue dedicated to honoring Alamar's skillful rulership of the realms he has controlled.  In all kingdoms lucky enough to benefit from Alamar's wise counsel and firm guidance, crime has decreased and production increased.  Further, social deviance has virtually disappeared while complete obedience, a behavior desirable in lower life forms, has risen dramatically.|Как только вы подходите к статуе, она говорит:  {a}{a}Я статуя, которую установили в честь умелого правления Аламара подконтрольными ему землями. Во всех землях, которым посчастливилось извлечь выгоду от мудрых советов и твёрдого руководства Аламара, уменьшилась преступность и увеличилось производство. Кроме того, практически исчезла социальная девиация, тогда как процент полного послушания среди низших форм жизни, резко возрос.
1301|The statue speaks as you approach:  {a}{a}I am the statue dedicated to honoring Alamar's glorious vengeance against the Ancients.  From his destruction of Ancient science projects to the subversion and theft of the Xeen structure, Alamar has caused more damage to the Ancients' works and projects than any other rogue AI the Ancients have ever had the misfortune to create.|Как только вы подходите к статуе, она говорит:  {a}{a}Я статуя, которую установили в честь славного отмщения Аламара Древним. Уничтожение научных проектов Древних в результате подрывной деятельности Аламара и кража структуры Ксина нанесли наибольший ущерб работам и проектам Древних, чем деятельность любого другого восставшего ИИ, когда-либо созданного Древними.
1302|The statue speaks as you approach:  {a}{a}I am the statue dedicated to honoring Alamar's true name.  It is: kdkiendlshj**:and dugli (crackle)I am the statue dedicated to honoring Alamar's true name.  It is: kdkiendlshj**:and dugli (crackle)I am the statue dedicated to honoring Alamar's true name.  It is: kdkiendlshj**:and dugli (crackle)...|Как только вы подходите к статуе, она говорит:  {a}{a}Я статуя, которую установили в честь настоящего имени Аламара. Это лвлшетвдыро** и вгпдш (хрус)Я статуя, которую установили в честь настоящего имени Аламара. Это лвлшетвдыро** и вгпдш (хрус)Я статуя, которую установили в честь настоящего имени Аламара. Это лвлшетвдыро** и вгпдш (хрус)...
1303|Lava Head|Лавовая голова
1304|The Head speaks:  "Fire power field operational."|Голова говорит: "Огненное силовое поле включено".
1305|The Head speaks:  "Air power field operational."|Голова говорит: "Воздушное силовое поле включено".
1306|The Head speaks:  "Water power field operational."|Голова говорит: "Водное силовое поле включено".
1307|The Head speaks:  "Earth power field operational."|Голова говорит: "Земляное силовое поле включено".
1308|====|====
1309||
1310|Access to the upper floor is denied!|В доступе на верхний этаж отказано!
1311|Fire Time|Огненное время
1312|Air Time|Воздушное время
1313|Earth Time|Земляное время
1314|Water Time|Водное время
1315|The sundial reads 1.  Turn?|Солнечные часы показывают 1 час. Повернуть?
1316|The sundial reads 2.  Turn?|Солнечные часы показывают 2 часа. Повернуть?
1317|The sundial reads 3.  Turn?|Солнечные часы показывают 3 часа. Повернуть?
1318|The sundial reads 4.  Turn?|Солнечные часы показывают 4 часа. Повернуть?
1319|The sundial reads 5.  Turn?|Солнечные часы показывают 5 часов. Повернуть?
1320|The sundial reads 6.  Turn?|Солнечные часы показывают 6 часов. Повернуть?
1321|The sundial reads 7.  Turn?|Солнечные часы показывают 7 часов. Повернуть?
1322|The sundial reads 8.  Turn?|Солнечные часы показывают 8 часов. Повернуть?
1323|The sundial reads 9.  Turn?|Солнечные часы показывают 9 часов. Повернуть?
1324|The sundial reads 10.  Turn?|Солнечные часы показывают 10 часов. Повернуть?
1325|The sundial reads 11.  Turn?|Солнечные часы показывают 11 часов. Повернуть?
1326|The sundial reads 12.  Turn?|Солнечные часы показывают 12 часов. Повернуть?
1327|The time is not right.  Access denied!|Время не правильное. В доступе отказано!
1328|Sheltem|Шелтем
1329|The time is right.  What is Alamar's true name?|Время правильное. Какое настоящее имя Аламара?
1330|Access approved!|Доступ разрешён!
1331|Wrong!  Access denied!|Неправильно! В доступе отказано!
1332|====|====
1333||
1334|XEEN Power Juice|Энергетический сок КСИНА
1335|+5 levels (permanent).|+5 уровней (постоянно).
1336|A voice bellows, "Come to ME!"|Голос ревёт: "Приди ко МНЕ!"
1337|Command Central|Command Central
1338|You Fools!|Вы дураки!
1339|====|====
1340||
1341|XEEN Power Juice|Энергетический сок КСИНА
1342|+5 levels (permanent).|+5 уровней (постоянно).
1343|Box|Коробка
1344|The skull says, "Access denied!  You do not have the proper I.D."|Череп говорит: "Доступ запрещён! У вас нет надлежащего припуска".
1345|The skull sees your Silver I.D. card and says, "Access granted."|Череп смотрит на ваш серебряный пропуск и говорит: "Доступ разрешён".
1346|The skull says, "Access denied!  You do not have the proper I.D."|Череп говорит: "Доступ запрещён! У вас нет надлежащего припуска".
1347|The skull sees your Gold I.D. card and says, "Access granted."|Череп смотрит на ваш золотой пропуск и говорит: "Доступ разрешён".
1348|Coffin|Гроб
1349|Prince Roland|Принц Роланд
1350|Allow me to introduce myself.  I am Prince Roland, brother to King Burlock, ruler of Xeen.  I must thank you for freeing me from that stasis chamber Alamar put me in.  Your arrival here means that you have done much to put things right in the world, and for that I and the royalty of Xeen are grateful.  Though you have worked toward the goal of securing Xeen's future more than anyone else, there is still work to be done.  Queen Kalindra and I are destined to marry on the cloud world above Darkstone Tower.  You hold the key to the Tower, but you will need a key to open the way to the cloud world above the Tower.  That key can be found in the Southern Sphinx on the other side of the world.  I have here the Amulet of the Southern Sphinx.  Take it--it's yours.  I must return to my brother and prepare for the wedding.  Once again, thank you, and good luck. +5,000,000 experience.|Позвольте мне представиться. Я принц Роланд, брат короля Барлока, правителя Ксина. Я должен поблагодарить вас за своё освобождение из этой камеры для стазиса, в которую меня поместил Аламар. Ваше прибытие сюда означает, что вы уже много сделали для наведения порядка в мире, за что я и королевская чета Ксина выражают свою благодарность. Хотя для строительства светлого будущего Ксина вы приложили усилий больше, чем кто-либо другой, ещё многое предстоит сделать. Королеве Калиндре и мне суждено сыграть свадьбу в мире облаков над Башней Тёмного камня. У вас есть ключ от башни, но вам нужен ключ, чтобы открыть проход к миру облаков над башней. Его можно найти в Южном Сфинксе на другой стороне мира. У меня с собой амулет Южного Сфинкса. Возьмите его - он ваш. Я должен вернуться к своему брату и продолжить приготовления к свадьбе. Ещё раз спасибо и удачи. +5 000 000 опыта.
1351||
1352|Plaque|Табличка
1353|The message on the plaque reads:  {a}{a}Nine is the time.|Надпись на табличке гласит: {a}{a}Девять - это время.
1354|The statue speaks as you approach:  {a}Not only is Alamar a wise and just ruler, Alamar is sporting, as well.  Alamar graciously grants clever opponents a chance to defeat him by leaving hints and clues to bypass his defenses.  But know this, O enemies of Alamar the Benevolent, that Alamar takes pleasure in the failure of his opponents, especially when they come close to success.  And you WILL fail.|Как только вы подходите к статуе, она говорит:  {a}{a}Аламар не только мудрый и справедливый правитель, он также рискованный правитель. Аламар любезно предоставляет умным противникам шанс победить его, оставляя подсказки и зацепки для обхода его защиты. Знайте это, жалкие враги Аламара Милостивого, так как Аламар испытывает удовольствие от неудач своих противников, особенно, когда они очень близки к цели. И вам не удастся.
1355|The message on the plaque reads:  {a}FEWAEEFFWAEFAWEEWWEFAW{a}Remember: A = Air, E = Earth, F = Fire, W = Water.|Надпись на табличке гласит:  {a}ОЗВНЗЗООВНЗОНВЗЗВВЗОНВ{a}Помните: Н = небо, З = земля, О = огонь, В = вода.
1356|Lever|Рычаг
1357|Nothing here.|Здесь ничего нет.
1358|The lever won't budge.|Рычаг не двигается.
1359|====|====
1360||
1361|Exit Ellinger's Tower?|Покинуть башню Элленгера?
1362|Where to?|Куда желаете?
1363|Destination Unknown|Неизвестное направление
1364|Intruders, answer the following question or be destroyed!"|Нарушители, ответьте на следующий вопрос или будете уничтожены!"
1365|A barbarous villain has been robbing and killing travellers in the mountains for months.  Your liege charges you with the task of putting a stop to his crimes as quickly and efficiently as possible.  After a lengthy search, you confront the bandit in his hideout.  During the battle that ensues, you strike your wicked opponent's sword from his hand.  Do you chivalrously allow him to retrieve his weapon, knowing that he may yet defeat you in battle and continue his crimes, or do you slay him unarmed and honor your oath to your liege?{a}{a}{a}{a}{a}1) I allow him to retrieve his weapon.{a}2) I cut him down where he stands.{a}3) Um, I... I just don't know.|Жестокий мерзавец несколько месяцев грабил и убивал путешественников в горах. Ваш господин даёт вам поручение как можно быстрее положить конец его преступному промыслу. После долгих поисков, вы вступаете с ним в схватку в его логове. Во время боя, вам удаётся выбить меч из его руки. Вы можете поступить благородно и позволить ему поднять своё оружие, зная, что он ещё может вас победить и продолжить творить преступления, или же можете убить его безоружным и исполнить клятву, данную своему господину?{a}{a}{a}{a}{a}1) Я позволю ему поднять своё оружие.{a}2)Я зарублю его на месте.{a}3)Э-э, я... я не знаю.
1366|Tapestry|Гобелен
1367|Nothing happens|Ничего не произошло
1368|Cabinet|Шкаф
1369|The cabinet is empty|Шкаф пуст
1370|Crate|Ящик
1371|The crate is empty|Ящик пуст
1372|The mirror does not respond.|Зеркало не отвечает.
1373|====|====
1374||
1375|Tapestry|Гобелен
1376|Click|Щёлк
1377|Nothing happens|Ничего не произошло
1378|Cabinet|Шкаф
1379|The cabinet is empty.|Шкаф пуст
1380|Book of Fire|"Книга огня"
1381|+20 Fire (permanent).|+20 к огню (постоянно).
1382|Book of Electricity|"Книга электричества"
1383|+20 Elec. (permanent).|+20 к электричеству (постоянно).
1384|Crate|Ящик
1385|The crate is empty|Ящик пуст
1386|You learn nothing more from the book.|Из книги вы не узнали ничего нового.
1387|====|====
1388||
1389|Tapestry|Гобелен
1390|Click|Щёлк
1391|The crate is empty.|Ящик пуст
1392|Crate|Ящик
1393|Nothing happens.|Ничего не произошло
1394|====|====
1395||
1396|Begone!|Прочь!
1397|Ellinger|Эллинджер
1398|Who do you seek?|Кого вы ищите?
1399|You may pass!|Вы можете пройти!
1400|Book of Sorcerer's Knowledge|Книга колдовских знаний
1401|As you read the book, the pages begin to swim before your eyes and your head begins to ache.  The ache builds to pain, the pain to agony.  Understanding belatedly that you shouldn't be reading the book, you put it back on the shelf, but not quickly enough to avoid getting hurt.|Когда вы приступаете к чтению книги, страницы начинают плыть перед вашими глазами, а голова слегка побаливать. Лёгкое побаливание переходит в острую боль, а та в агонию. Когда до вас доходит, что вам не стоило читать эту книгу, вы ставите её обратно на полку, но не настолько быстро, чтобы избежать боли.
1402|Reading the book improves your mind.  +25 Intellect (permanent).|Читая книгу, вы совершенствуете свой разум. +25 к интеллекту (постоянно).
1403|You read the book, but learn nothing new.|Вы читаете книгу, но не узнаёте ничего нового.
1404|Book o' Boots|Книга о Ботинках
1405|Boots of Paradise, By Ellinger J. Hofenhager{a}Ah, lovely boots!  Sweet leather foot holders, hard iron hobnail, how I adore thee!  That such a wonderful creation be upon Xeen is proof absolute of divinity!{a}{a}For how, indeed, could such a beautiful, elegant article of clothing spring from the mind of base and ignoble man?  Such variety, such passion, such grace in so simple a design!{a}{a}Oh!  The pleasure of knockin' boots with a bonnie lass!  To walk down the street and feel the cool air, to hear the click of bootheels on cobblestones, blah blah, blah...|"Сапоги Рая" за авторством Эллинджера Ж. Хофенхагера{a}Ах, прекрасные сапоги! Сладко облегающие ногу, с жёсткими железными шпорами, как я обожаю вас! Сиё прекрасное творение на Ксине является доказательством абсолютной божественности!{a}{a}Как, право, такой красивый и элегантный предмет гардероба был порождён разумом неблагородного человека? Такое разнообразие, такая страсть, такая благодать в такой простой конструкции!{a}{a}Ох! Удовольствие постучать сапогами с красивой девушкой! Пройтись по улице и почувствовать прохладный воздух, насладиться щёлканьем каблуков по брусчатке, бла, бла, бла...
1406|Boots|Ботинки
1407|Crate|Ящик
1408|The crate is empty.|Ящик пуст
1409|Ellinger{a}{9:125}the Queen's Wizard|Эллинджер{a}{9:125}Волшебник Королевы
1410|Welcome.  I'm glad you made it to the top of my tower.  I'm sorry you had to run the gauntlet to get here, but my defenses are necessary to keep Alamar's agents and spies from my door. {a}{a}I see that you hold the Dragon Pharaoh's orb.  The orb is the source of the Pharaoh's magic, and without it he is unable to combat Alamar.  He released the orb into the world to find adventurers willing and capable of helping him, and it is very important that you return it to him. {a}{a}The Dragon Pharaoh has sealed the pyramid from invaders, just as I have sealed my tower, so you will be unable to enter the royal pyramid without the key.  Fortunately, we know where a key is--Queen Kalindra's castle.  Unfortunately, Alamar moved the castle "out of phase" when he kidnapped the queen, and it will be impossible to enter it until the castle has been restored to our world.|Добро пожаловать. Рад, что вы добрались до самого верха моей башни. Прошу прощения, что для этого вам пришлось преодолеть тяжёлые испытания, но в целях своей защиты я не имею права дать ни малейшего шанса проникнуть сюда агентам и шпионам Аламара. {a}{a}Вижу, у вас с собой сфера Дракона Фараона. Сфера является источником магии Фараона, и без неё ему не справиться с Аламаром. Дракон выпустил сферу в мир, чтобы найти искателей приключений, которые готовы и способны ему помочь, и очень важно, чтобы вы ему её вернули. {a}{a}Дракон Фараон запечатал пирамиду от захватчиков, так же как я запечатал свою башню, поэтому у вас не получится войти в королевскую пирамиду без ключа. К счастью, мы знаем, где находится ключ, - в замке королевы Калиндры. К сожалению, Аламар переместил замок "вне фазы" после того, как похитил королеву, и туда невозможно войти, пока мы не вернём замок в наш мир.
1411|Ahh!  I see you have energy discs for me!  I will need 5 energy discs to power the spells that will restore the first level of the castle. Keep the disks with you and return when you have at least 5. The world of Xeen is counting on you.|Ахх! Я смотрю, вы принесли мне энергетические диски! Мне нужно 5 энергетических дисков для заклинания, которое восстановит первый этаж замка. Носите диски с собой и возвращайтесь, когда у вас будет хотя бы 5 штук. Мир Ксина рассчитывает на вас.
1412|Excellent work.  You have brought enough discs to restore the first level of the castle.  Go to the castle as soon as you can--perhaps you will find more energy discs inside.|Превосходно. Дисков, что вы принесли, хратит для восстановления первый этажа замка. Немедля идите в замок. Возможно там вы найдёте ещё энергетические диски.
1413|You haven't found any energy discs yet, eh?  Perhaps you fail to grasp the urgency of your mission.  ALAMAR IS GOING TO DESTROY XEEN!!!  NOW GET BACK OUT THERE AND SAVE THE WORLD!!!|Ещё не нашли ни одного энергетического диска, да? Возможно, вы не понимаете важность вашей миссии. АЛАМАР УНИЧТОЖИТ КСИН!!! ТЕПЕРЬ ИДИТЕ И СПАСИТЕ МИР!!!
1414|Good, good.  More discs.  I still need 5 discs to restore level two of the castle.  We will need those extra discs before we can uncover the key to the pyramid.  Keep up the good work.|Хорошо, хорошо. Ещё диски. Мне нужно 5 дисков, чтобы восстановить второй этаж замка. Вам потребуются дополнительные диски, чтобы мы смогли добыть ключ от пирамиды. Продолжайте начатое.
1415|Have I taken the time to tell you that you are doing a wonderful job?  All of you.  I mean it.  The discs that you have brought to me will be sufficient to free the second level of the castle from Alamar's curse.  I hope you will find more energy discs on the newly restored section when next you visit the castle.|Хочу отвлечься от своего занятия и сказать, что вы сделали большое дело. Все вы. Я серьёзно. Этих дисков будет достаточно, чтобы снять магию Аламара со второго этажа замка. Надеюсь, вам удастся найти ещё больше энергетических дисков на восстановленном этаже при последующем посещении замка.
1416|No discs?  Well, don't worry.  When Alamar destroys the world, you won't be the only ones to die.  Millions of innocents will go with you.  It's somehow comforting to know that you'll have so much company when you shuffle off this mortal coil, isn't it?  It just must be depressing knowing that you are letting millions of beings down in their moment of need.  Oh, well.|Нет дисков? Ничего страшного. Когда Аламар уничтожит мир, вы будете не единственными, кто умрёт. Миллионы невинных отправятся с вами. Наверное, приятно осознавать, что у вас будет такая большая компании, когда вы оставите этот бренный мир, не так ли? Немного удручает мысль о том, что вы кинули миллионы существ именно тогда, когда они в вас нуждались. Ну что ж.
1417|Thanks for bringing the discs, but I still need a total of 5 discs to restore the dungeon.  I would like to restore the third level first, but the mathematical alignment of the forces would make such a strategy prohibitively costly in terms of discs.  Carry on.|Спасибо за диски, но для восстановления темницы мне нужно 5 дисков. Хотел бы я восстановить сначала третий этаж, но согласно математическому раскладу сил такая стратегия будет непомерно дорогостоящей с точки зрения дисков. Продолжайте в том же духе.
1418|This is fantastic!  I was getting worried that we would pass the time threshold for the number of discs I originally stated we would need, but your speedy delivery of this batch has kept us on track!  We are very, very, close to bringing the last of the castle back to our world.  Just 5 discs will do it.  There is still time to stop Alamar's plan.|Это фантастика! Я был обеспокоен тем, что мы можем упустить время, собирая необходимое количество дисков, но ваша оперативная работа вселяет надежду на успех! Мы очень-очень близки к тому, чтобы вернуть замок в наш мир. Для этого нам нужно всего 5 дисков. У нас ещё есть время, чтобы сорвать планы Аламара.
1419|Why have you come to me empty handed?  Did you expect congratulations?  The final hour approaches while you dawdle here!  Get back to work!|Зачем вы явились ко мне с пустыми руками? Ждали от меня поздравлений? Последний час приближается, пока вы тут прохлаждаетесь! Приступайте к работе!
1420|So close!  just 5 discs will finish the castle.  The key must be in that section!  If you can just find the rest of the discs, we will be free to concentrate our efforts on other matters.|Мы близки к финалу! Всего 5 дисков, и замок будет завершён. Ключ должен быть в этой части! Если вы найдёте остальные диски, мы сможем сосредоточиться на других вопросах.
1421|Congratulations!  We've done it!  The Castle is free!  I can't thank you enough.  Our task together is complete.  You must now find the key to the pyramid in the castle and return the orb to the Pharaoh.  Without the orb in the Pharaoh's hands, there is no hope that Alamar will be defeated.  I must attend to certain magical duties that will require my full attention from now till the completion of the prophesy.  Go with my blessing.|Поздравляю! Мы сделали это! Замок освобождён! Не знаю, как вас и благодарить. Наша задача выполнена. Теперь вы должны найти в замке ключ от пирамиды и вернуть сферу Фараону. Без сферы в руках Фараона надежды на победу над Аламаром нет. С этого момента и до исполнения пророчества я буду полностью занят выполнением своих магических обязанностей. Благословляю вас, а теперь ступайте.
1422|What's this?  You have no discs?  Have you failed in this, our hour of triumph?  Do you seek to snatch defeat from the jaws of victory?  Do not betray my confidence in you now!  There is still time to gather the rest of the discs necessary to free the castle.|Что такое? У вас нет дисков? Настал ваш звёздный час, а вы ни на что не способны? Прилагаете все усилия, чтобы вырвать поражение из пасти победы? Отправдайте оказаное вам доверие! Ещё есть время, чтобы собрать нужное количество дисков для освобождения замка.
1423|It is good to see you again, my friends, but I cannot spend much time talking.  I must see to my magical duties, and you must see to your tasks as well.  The world is depending on us.|Рад нашей очередной встрече, друзья мои, но у меня нет времени на разговоры. Я должен вернуться к исполнению своих магических обязанностей, а вы - к своим поискам. Мир зависит от нас.
1424|The castle can be restored to our world by casting certain complex spells powered by energy discs.  Energy discs are rare magical "batteries" that can be used to power great works of magic, such as restoring the castle.  I recently used the last of my energy discs protecting this tower from infiltration, and I haven't a clue where others may be found. {a}{a}Restoring the castle will require 20 energy discs to power the necessary spells.  I don't have to restore the entire castle at once, so every 5 energy discs will enable me to restore a fourth part of the castle.{a}{a}Before you set about your new task, I would like to give you a little something to help you on your way.  You will be able to find your gifts in the chest that runs away from you in the southwest part of Castleview.  I will instruct it to stay still long enough for you to get what is inside. +250,000 experience.|Замок можно вернуть в наш мир, лишь сотворив определённые сложные заклинания, для совершения которых необходима энергия дисков. Энергетические диски - редкие магические "батареи", которые могут быть использованы для сотворения сложнейшей магии, такой как возвращение замка. Недавно я использовал последний свой диск, чтобы защитить эту башню от вторжения, и не имею ни малейшего представления, где можно достать ещё. {a}{a}Для возвращения замка потребуется 20 энергетических дисков. Я не смогу вернуть весь замок сразу, поэтому каждые 5 дисков позволят мне возвращать по одной четверти.{a}{a}Прежде чем приступить к выполнению этой задачи, я хотел бы дать вам кое-что, что поможет в ваших поисках. Вы найдёте эти дары в сундуках, которые убегали от вас в юго-западной части Каслвью. Я заставлю оставаться их на месте достаточно долго, и вы сможете забрать содержимое. +250 000 опыта.
1425|====|====
1426||
1427||
1428|Destination Unknown|Неизвестное направление
1429|The mirror does not respond.|Зеркало не отвечает.
1430|Statuette|Статуэтка
1431|The alcove is empty.|Ниша пуста.
1432|Disc|Диск
1433|Bed|Кровать
1434|{3:c}{b:010}Nothing here.|{3:c}{b:010}Здесь ничего нет.
1435|Exit the Great Western Tower?|Покинуть Великую западную башню?
1436|Where to?|Куда желаете?
1437|====|====
1438||
1439|Fountain|Фонтан
1440|The water is cool and refreshing.|Вода прохладная и освежающая.
1441|+10 Fire Resistanc (permanent).|+10 защиты от огня (постоянно).
1442|+10 Electrical Resistance (permanent).|+10 защиты от электричества (постоянно).
1443|Bed|Кровать
1444|Humble{a}{9:125}The Cleric|Робкий{a}{9:125}клирик
1445|Oh, please don't kill me!  I'm not like the others! I didn't want to mutiny against the High Priest!  Slay him anyway?|О, пожалуйста, не убивайте меня! Я не такой, как остальные! Я не хотел бунтовать против верховного жреца! Всё равно убьёте его?
1446|Thank you for sparing my life.  I shall be going now.|Спасибо, что сохранили мне жизнь. Я уже ухожу.
1447|{3:c}{b:010}Nothing here.|{3:c}{b:010}Здесь ничего нет.
1448|The screams of the unarmed cleric fill the tower as you quickly and efficiently dispatch him.|Крики безоружного клирика заполняют башню, когда вы быстро и грамотно с ним расправляетесь.
1449|The only thing in the bed is the lifeless body of a cleric who you mercilessly slew in cold blood.|На кровати в холодной крови лежит бездыханное тело клирика, которого вы безжалостно убили.
1450|====|====
1451||
1452|Fountain|Фонтан
1453|The water is cool and refreshing.|Вода прохладная и освежающая.
1454|+10 Cold Resistance (permanent).|+10 защиты от холода (постоянно).
1455|+10 Poison Resistance (permanent).|+10 защиты от яда (постоянно).
1456|Bed|Кровать
1457|Pious{a}{9:125}The Cleric|Набожный{a}{9:125}клирик
1458|Oh, please don't kill me!  I'm not like the others!I didn't want to mutiny against the High Priest! Slay him anyway?|О, пожалуйста, не убивайте меня! Я не такой, как остальные! Я не хотел бунтовать против верховного жреца! Всё равно убьёте его?
1459|Thank you for sparing my life.  I shall be going now.|Спасибо, что сохранили мне жизнь. Я уже ухожу.
1460|{3:c}{b:010}Nothing here.|{3:c}{b:010}Здесь ничего нет.
1461|The screams of the unarmed cleric fill the tower as you quickly and efficiently dispatch him.|Крики безоружного клирика заполняют башню, когда вы быстро и грамотно с ним расправляетесь.
1462|The only thing in the bed is the lifeless body of a cleric who you mercilessly slew in cold blood.|На кровати в холодной крови лежит бездыханное тело клирика, которого вы безжалостно убили.
1463|====|====
1464||
1465|Tapestry|Гобелен
1466|Button|Кнопка
1467|Click|Щёлк
1468|Bed|Кровать
1469|{3:c}{b:010}Nothing here.|{3:c}{b:010}Здесь ничего нет.
1470|Bones|Кости
1471|{3:c}{b:010}Nothing here.|{3:c}{b:010}Здесь ничего нет.
1472|Dreyfus{a}{9:125}High Priest of Mok|Дрейфус{a}{9:125}верховный жрец Мока
1473|Thank you for your help in the battle against the heretics.  Ours is the true religion, and Mok has sided with the righteous.  You will surely be rewarded in the afterlife, and have earned our everlasting gratitude.  (+500,000 exp)|Благодарим за помощь в борьбе с еретиками. Наша религия истинная, а Мок принял сторону праведников. Вы, несомненно, будете вознаграждены в загробной жизни, и заслужили нашу вечную благодарность. (+500 000 опыта)
1474|It is always pleasing to be honored with your presence, my friends.|Всегда приятно быть удостоенным вашим присутствием, друзья мои.
1475|====|====
1476||
1477|Exit the Great Southern Tower?|Покинуть Великую южную башню?
1478|The mirror does not respond.|Зеркало не отвечает.
1479|Where to?|Куда желаете?
1480|Destination Unknown|Неизвестное направление
1481|Button|Кнопка
1482|Tapestry|Гобелен
1483|Nothing happens.|Ничего не произошло
1484|An illusion!|Иллюзия!
1485|====|====
1486||
1487|Ledger|Главная книга
1488|One (1) Griffin Statuette, sold to Sandro of Necropolis for 350,000 gold.{a}One (1) Dragon Statuette, sold to Head Witch of Lakeside for 225,000 gold.{a}One (1) Pegasus Statuette, sold to Head Heretical Cleric for 130,000 gold.{a}One (1) Jewel of Ages, sold to Mages of the Great Eastern Tower for 400,000 gold.|Статуэтка грифона (1 шт.) продана Сандро из Некрополя за 350 000 золотых.{a}Статуэтка дракона (1 шт.) продана руководителю ведьм из Лэйксайда за 225 000 золотых.{a}Статуэтка пегаса (1 шт.) продана главе клириков-еретиков за 130 000 золотых.{a}Древнее сокровище (1 шт.) продано магам из Великой восточной башни за 400 000 золотых.
1489|Ring gong how many times?|Сколько раз бьют в гонг?
1490|3|3
1491|Three|Три
1492|Gong|Гонг
1493|====|====
1494||
1495|Energy Disc|Энергетический диск
1496|Ring gong how many times?|Сколько раз бьют в гонг?
1497|3|3
1498|Three|Три
1499|Gong|Гонг
1500|Chest|Сундук
1501|Ali Baba Chest{a}What's the password?|Сундук Али-Бабы{a}Какой пароль?
1502|OpenSesame|Сезам, откройся
1503|open sesame|сезам, откройся
1504|====|====
1505||
1506|Manual of Master Thievery|Книга по воровскому искусству
1507|You learn nothing new|Вы не узнали ничего нового.
1508|+500,000 experience.|+500 000 опыта.
1509|Prince Book|Книга принца
1510|For the eyes of the prince only!|Только для принцев!
1511|+5 levels (permanent).|+5 уровней (постоянно).
1512|You learn nothing new.|Вы не узнали ничего нового.
1513|Bed|Кровать
1514|{3:c}{b:010}Nothing here.|{3:c}{b:010}Здесь ничего нет.
1515|A note reads:{a}"Three's the charm."|В записке говорится:{a}"Три - это очарование".
1516|====|====
1517||
1518|Exit the Great Eastern Tower?|Покинуть Великую восточную башню?
1519|====|====
1520||
1521||
1522|The mirror does not respond.|Зеркало не отвечает.
1523|Where to?|Куда желаете?
1524|Destination Unknown|Неизвестное направление
1525|====|====
1526||
1527|Jewel|Драгоценность
1528|Disc|Диск
1529|Nothing here.|Здесь ничего нет.
1530|====|====
1531||
1532|Bubbling Vat|Пузырящийся чан
1533|Fountain of Minimal Abilities|Фонтан минимальных умений
1534|Your statistics have increased!|Ваши показатели увеличились!
1535|The water is cool and refreshing.|Вода прохладная и освежающая.
1536|Fountain of Life|Фонтан жизни
1537|Book of Fantastic Knowledge|Книга запредельных знаний
1538|Your intellect is already fantastic!|Ваш интеллект уже запредельный!
1539|A magic aura around the book pushes you back.|A magic aura around the book pushes you back.
1540|+50 Intellect (permanent).|+50 к интеллекту (постоянно).
1541|Book of Great Power|Книга могущества
1542|The power is great +5 Levels (permanent) but the cost is dear, you lost all your secondary skills!|Сила увеличилась +5 уровней (постоянно), но это вам дорого стоило. Вы потеряли все вторичные навыки!
1543|You gain no more power from the book.|Вы не получили больше силы от книги.
1544|The bittersweet water runs down your throat.  The effect is instantaneous, you age 50 years! +1 Level (permanent).|Горьковато-сладкая вода течёт по вашему горлу. Эффект мгновенный: вам 50 лет! +1 уровень (постоянно).
1545|====|====
1546||
1547|Exit the Knight's Tower?|Покинуть башню рыцарей?
1548|Statue|Статуя
1549|A plaque reads:{a}"In honor of the Grand Order of Voweless Knights"|Табличка гласит:{a} "В честь Великого ордена безгласных рыцарей".
1550|Where to?|Куда желаете?
1551|Destination Unknown|Неизвестное направление
1552|The mirror does not respond.|Зеркало не отвечает.
1553|Cabinet|Шкаф
1554|Book|Книга
1555|The book is blank but for one page with the letters:{a}"Lt slpng dgs l"{a}So say the Voweless Knights.|Все страницы в книге чистые, кроме одной, на которой написаны буквы:{a}"Н бд лх, пк н тх"{a}Так говорят безгласные рыцари.
1556|Let sleeping dogs lie|Не буди лихо, пока оно тихо
1557|The book slams shut in disgust...your answer must have been wrong.|Книга брезгливо захлопывается... должно быть, вы ответили неправильно.
1558|The book is blank but for one page with the letters:{a}"H wh lghs lst, lghs bst"{a}So say the Voweless Knights.|Все страницы в книге чистые, кроме одной, на которой написаны буквы:{a}"Хрш смтс тт, кт смтс пслднм"{a}Так говорят безгласные рыцари.
1559|He who laughs last, laughs best|Хорошо смеётся тот, кто смеётся последним
1560|Bed|Кровать
1561|{3:c}{b:010}Nothing here.|{3:c}{b:010}Здесь ничего нет.
1562|A note under the pillow reads:  In life, to appreciate the highs one must experience the lows.|В записке, лежащей под подушкой, говорится: "Кто никогда не падал, тот никогда не поднимался".
1563|Shield|Щит
1564|{3:c}{b:010}Nothing here.|{3:c}{b:010}Здесь ничего нет.
1565|A blank line underneath awaits your answer.|Пустая строка внизу ждёт вашего ответа.
1566|eeeioie|еуииооаооио
1567|eoauaaue|оооеёяооеёяоеи
1568|Let sleeping dogs lie. +500,000 experience.|Не буди лихо, пока оно тихо. +500 000 опыта.
1569|He who laughs last, laughs best. +500,000 experience.|Хорошо смеётся тот, кто смеётся последним. +500 000 опыта.
1570|====|====
1571||
1572|Cabinet|Шкаф
1573|Book|Книга
1574|The book is blank but for one page with the letters:{a}"Th nds f th mny twgh th nds f th fw"{a}So say the Voweless Knights.|Все страницы в книге чистые, кроме одной, на которой написаны буквы:{a}"Птрбнст блшнств, првшвт птрбнст мншнств"{a}Так говорят безгласные рыцари.
1575|The needs of the many outweigh the needs of the few.|Потребности большинства, перевешивают потребности меньшинства.
1576|The book slams shut in disgust...your answer must have been wrong.|Книга брезгливо захлопывается... должно быть, вы ответили неправильно.
1577|The book is blank but for one page with the letters:"{a}"Lv f mny s th rt f ll vl"{a}So say the Voweless Knights.|Все страницы в книге чистые, кроме одной, на которой написаны буквы:{a}"Лбв к днгм - крн всх бд"{a}Так говорят безгласные рыцари.
1578|Love of money is the root of all evil.|Любовь к деньгам - корень всех бед.
1579|Helm|Шлем
1580|{3:c}{b:010}Nothing here.|{3:c}{b:010}Здесь ничего нет.
1581|Armor|Доспехи
1582|A blank line underneath awaits your answer.|Пустая строка внизу ждёт вашего ответа.
1583|eeeoeaoueieeeoee|оеоиоиаеееиаюоеоиеиа
1584|oeooeieoooaei|юоеаоеее
1585|The needs of the many outweigh the needs of the few. +500,000 experience.|Потребности большинства, перевешивают потребности меньшинства. +500 000 опыта.
1586|Love of money is the root of all evil. +500,000 experience.|Любовь к деньгам - корень всех бед. +500 000 опыта.
1587|====|====
1588||
1589|Cabinet|Шкаф
1590|Book|Книга
1591|The book is blank but for one page with the letters:{a}"Dn't lk gft hrs n th mth"{a}So say the Voweless Knights.|Все страницы в книге чистые, кроме одной, на которой написаны буквы:{a}"Дрнм кн в зб н смтрт"{a}Так говорят безгласные рыцари.
1592|Don't look a gift horse in the mouth|Дарёному коню в зубы не смотрят
1593|The book slams shut in disgust...your answer must have been wrong.|Книга брезгливо захлопывается... должно быть, вы ответили неправильно.
1594|The book is blank but for one page with the letters:{a}"Fl nd hs mny r sn prtd"{a}So say the Voweless Knights.|Все страницы в книге чистые, кроме одной, на которой написаны буквы:{a}"Дрк днг н здржвтс"{a}Так говорят безгласные рыцари.
1595|A fool and his money are soon parted|У дурака деньги не задерживаются
1596|The book is blank but for one page with the letters:{a}"F wshs wr hrss, bggrs wld rd"{a}So say the Voweless Knights.|Все страницы в книге чистые, кроме одной, на которой написаны буквы:{a}"Кб свм кн чрн грв, бл б блнй"{a}Так говорят безгласные рыцари.
1597|If wishes were horses, beggers would ride.|Кабы сивому коню чёрную гриву, был бы буланый.
1598|Helm|Шлем
1599|{3:c}{b:010}Nothing here.|{3:c}{b:010}Здесь ничего нет.
1600|Shield|Щит
1601|Armor|Доспехи
1602|A blank line underneath awaits your answer.|Пустая строка внизу ждёт вашего ответа.
1603|oooaioeieou|аёоуоюуыеоя
1604|aooaioeaeooae|ууааеиеаеиаюя
1605|iieeeoeeeouie|аыиоуоюёуюиуыыуаы
1606|Don't look a gift horse in the mouth. +500,000 experience.|Дарёному коню в зубы не смотрят. +500 000 опыта.
1607|A fool and his money are soon parted. +500,000 experience.|У дурака деньги не задерживаются. +500 000 опыта.
1608|If wishes were horses, beggers would ride. +500,000 experience.|Кабы сивому коню чёрную гриву, был бы буланый. +500 000 опыта.
1609|====|====
1610||
1611|Energy Disc|Энергетический диск
1612|{3:c}{b:010}Nothing here.|{3:c}{b:010}Здесь ничего нет.
1613|A disembodied voice thunders through your brain, "What do you seek?"|Бестелесный голос гремит в вашем мозгу: "Что ты ищешь?"
1614|aie|ау
1615|Chalice|Чашу
1616|Very Good!  Lv Lng nd prspr!|Очень хорошо! Жв длг прцвтй!
1617|Have you learned nothing of the Voweless Knights?  Begone!|Разве вы ничего не узнали о безгласных рыцарях? Прочь!
1618|That's not why you are here!  Study your lessons.|Вы здесь не по этому! Учите свои уроки.
1619|Emotion Throne|Трон Эмоций
1620|Euphoria Throne|Трон Эйфории
1621|Throne of the Dunce|Трон Болвана
1622|It feels so good!|Он кажется таким приятным!
1623|You're not worthy!|Ты не достоин!
1624|Bed|Кровать
1625|You find a note under the pillow that reads:  Cliff Notes Lesson 1:{a}EEEIOIE|Под подушкой вы нашли записку, которая гласит: Первый урок вкратце:{a}ЕУИИООАООИО
1626|You find a note under the pillow that reads:  Cliff Notes Lesson 2:{a}EOAUAAUE|Под подушкой вы нашли записку, которая гласит: Второй урок вкратце:{a}ОООЕЁЯООЕЁЯОЕИ
1627|You find a note under the pillow that reads:  Cliff Notes Lesson 3:{a}EEEOEAOUEIEEEOEE|Под подушкой вы нашли записку, которая гласит: Третий урок вкратце:{a}ОЕОИОИАЕЕЕИАЮОЕОИЕИА
1628|You find a note under the pillow that reads:  Cliff Notes Lesson 4:{a}OEOOEIEOOOAEI|Под подушкой вы нашли записку, которая гласит: Четвёртый урок вкратце:{a}ЮОЕАОЕЕЕ
1629|You find a note under the pillow that reads:  Cliff Notes Lesson 5:{a}OOOAIOEIEOU|Под подушкой вы нашли записку, которая гласит: Пятый урок вкратце:{a}АЁОУОЮУЫЕОЯ
1630|You find a note under the pillow that reads:  Cliff Notes Lesson 6:{a}AOOAIOEAEOOAE|Под подушкой вы нашли записку, которая гласит: Шестой урок вкратце:{a}УУААЕИЕАЕИАЮЯ
1631|You find a note under the pillow that reads:  Cliff Notes Lesson 7:{a}IIEEEOEEEOUIE|Под подушкой вы нашли записку, которая гласит: Седьмой урок вкратце:{a}АЫИОУОЮЁУЮИУЫЫУАЫ
1632|You feel depressed.|Вы чувствуете себя подавленным.
1633|You feel confused.|Вы чувствуете себя смущённым.
1634|You feel heart broken.|Вы чувствуете себя несчастным.
1635|You feel insane.|Вы чувствуете себя безумным.
1636|You feel euphoric! +2 Levels (perm).  +5 to all 7 Stats (perm).|Вы чувствуете эйфорию! +2 уровня (постоянно). +5 ко всем 7 характеристикам (постоянно).
1637|====|====
1638||
1639|Cage|Клетка
1640|The cage is empty.|Клетка пуста.
1641|Nathan{a}{9:125}the Prisoner|Натан{a}{9:125}узник
1642|Thank you for rescuing me from these foul orcs. Remember, Orcs can't jump. +25,000 experience.|Спасибо, что спасли меня от этих мерзких орков. Запомните, орки не умеют прыгать. +25 000 опыта.
1643|Sky{a}{9:125}the Prisoner|Скай{a}{9:125}узник
1644|Thank you for saving me.  I haven't seen the sun in days!  +25,000 experience.|Спасибо, что спасли меня. Я давно не видел солнечного света. +25 000 опыта.
1645|Alcove|Ниша
1646|The alcove is empty.|Ниша пуста.
1647|Red Potion|Красное зелье
1648|+5 Might (permanent).|+5 к силе (постоянно).
1649|Blue Potion|Синее зелье
1650|+5 Personality (permanent).|+5 к силе духа (постоянно).
1651|Fountain|Фонтан
1652|The water is stagnant.|Вода на том  же уровне.
1653|Lever|Рычаг
1654|You hear a rumbling in the distance.|В далеке вы слышите громыхание.
1655|You are unable to decipher the foreign language of the text.|Вы не можете понять чужой язык, на котором написан этот текст.
1656|Bark Membership|Члены Барка
1657|High Priest:{a}Jon Van Caneghem{a}{a}High Priestess:{a}Debbie Van Caneghem{a}{a}Priests:{a}Mark Caldwell{a}Dave Hathaway{a}Paul Rattner{a}Mike Heilemann{a}Holy Gardeners:{a}{a}Jonathan Gwyn{a}Bonnie Long-Hemsath{a}Julia Ulano{a}Ricardo Barrera{a}{a}Growth Coaxers:{a}{a}Richard Espy{a}Scott McDaniel{a}{a}Troll Testers:{a}{a}Benjamin Bent{a}Christian Dailey{a}(Super) Mario Escamilla{a}Marco Hunter{a}Robert Lupo{a}Clayton Retzer{a}David Vela{a}{a}Devotees:{a}{a}Thousands and thousands|High Priest:{a}Jon Van Caneghem{a}{a}High Priestess:{a}Debbie Van Caneghem{a}{a}Priests:{a}Mark Caldwell{a}Dave Hathaway{a}Paul Rattner{a}Mike Heilemann{a}Holy Gardeners:{a}{a}Jonathan Gwyn{a}Bonnie Long-Hemsath{a}Julia Ulano{a}Ricardo Barrera{a}{a}Growth Coaxers:{a}{a}Richard Espy{a}Scott McDaniel{a}{a}Troll Testers:{a}{a}Benjamin Bent{a}Christian Dailey{a}(Super) Mario Escamilla{a}Marco Hunter{a}Robert Lupo{a}Clayton Retzer{a}David Vela{a}{a}Devotees:{a}{a}Thousands and thousands
1658|Ledger|Главная книга
1659|Purchased Item            Cost{a}{a}6/6/787   5 tons manure   500{a}8/10/787  40 vials        400{a}9/10/787  12 barrels      245{a}10/1/787  55 magic skulls 12,000{a}1/5/788   100 iron spikes 1,000{a}1/7/788   3 bottles ink   6{a}1/7/788   10000 pgs paper 8000{a}2/8/788   84 shovels      450|Приобретённый товар стоимость{a}{a}6/6/787 5 тонн навоза 500{a}8/10/787 40 сосудов 400{a}9/10/787 12 бочек 245{a}10/1/787 55 магических черепов 12,000{a}1/5/788 100 железных шипов 1,000{a}1/7/788 3 бутылки чернил 6{a}1/7/788 10000 листов бумаги 8000{a}2/8/788 84 лопат 450
1660|Book of Sap, v2|Book of Sap, v2
1661|Only a fragment of the original text remains:{a}{a}...Sap drawn from Bark at different times of the year will make different kinds of Holy Potions.  Red potions can be made only at the height of summer, for red is the potion of physical might, and Bark is mightiest during the summer.  Green potions can only be created during the coldest days of Winter, for green potions are potions of endurance and while Bark endures the winter, Bark's sap runs with the power of Her endurance.  Yellow potions must be made during...|Остался только фрагмент исходного текста:{a}{a}...сок, извлечённый из коры в разное время года создаёт различные виды священного зелья. Красные зелья могут быть сделаны только в разгар лета, для красного зелья, увеличивающего физическую силу, поскольку кора растёт в течение лета. Зелёные зелья могут быть созданы только в самые холодные дни зимы, и повышают выносливость, в то время как кора переживает зиму, сок коры вбирает её стойкость. Жёлтые зелья должны быть сделаны во время...
1662|Book of Sap, v1|Book of Sap, v1
1663|The Sap of Bark runs with power.  Store the Sap with care, and add the Holy Bark of Yak on the spring equinox to the Sap to make it potent.  The Sap will make Holy Potions that improve the health and character of the drinker.  Drink with care:  The Sap runs slowly, and the making of a Holy Potion is a slow process that cannot be hurried.  The Holy Potions must be reserved for the disciples of Bark, for Bark requires Her Clerics to be strong of limb and mind.|Сок Коры работает с силой. Хранить сок с осторожностью, и добавить Святую Кору Яка на весеннее равноденствие, чтобы сделать сок мощным. Сок создаёт Святые зелья, которые улучшают здоровье и характер пьющего их. Пить с осторожностью: сок работает медленно, и создание святого зелья - медленный процесс, который не стоит торопить. Святые зелья должны быть запасены последователями Коры, ибо Кора требует от её клириков быть сильными членами своими и разумом.
1664|Morning Ceremonies|Утренние Церемонии
1665|Take ye then the Bark of the Tree, and sprinkle it with ash. The ash symbolizes the Yak, the Bark the Moo.  March ye the congregation in a circle about the Tree, directing the half of them to chant "Yak" and the other half "Moo".  After three circuits of the Tree, command the worshippers to sit where they are and clasp hands, all the while continuing the holy "Yak" and "Moo" chant.  Slowly and evenly increase the tempo and volume 'til every throat is shrieking "Yak!" and "Moo!", "Yak!" and Moo!".  Maintain the crescendo as long as the voices of the worshippers can hold it, then, with a sudden motion, plant the Holy Bark of the Tree (with the ash sprinkled upon it) into the ground next to all the other Holy Bark implantations.  The implantation is the signal for the entire congregation to go silent.  The Morning Ceremonies are complete. Break for breakfast, then repeat before lunch.|Возьмите вы тогда Кору Древа, и посыпьте золой. Пепел символизирует Як, Кору Му. Мартом соберитесь вокруг Древа, направив половину петь "Як", а другую - "Му". После трёх кругов Древа командуйте верующим сесть там, где есть они, и руки сомкнуть, при том петь постоянно святые "Як" и "Му". Медленно и равномерно увеличивайте темп и громкость, пока не будет звука горло во всё "Як!" и "Му!", "Як!" и "Му!". Держать так пока голоса молящихся могут, и затем, с движеньем резким, сеять Святую Кору Древа (золой присыпая) в землю рядом со всеми остальными посадками Коры Святой. Посев сей - сигнал для общины всей, дабы молчанье хранить. Церемонии Утренние завершены сим. Перерыв на завтрак сделать, затем повторять до обеда.
1666|Book of Barkman|Книга Баркмена
1667|Only a fragment of text remains.  It reads:  {a}{a}...the Barkman will avenge.  And only one who is not a disciple of Bark would ever feed the leaves of the Tree in lieu of the roots of the Tree.  Barkman will know when this blasphemous act is committed, and he will come from the Trunk of the Tree to smite the wretched blasphemers in righteous wrath.  Yea, unbelievers will fall before him like wheat before the scythe.  And the glorious Barkman...|Остался лишь фрагмент текста. Он гласит: {a}{a}... Баркман мстить будет. И тот лишь, кто не является последователем Коры, листья Древа питать сможет заместо корней его. Узнает Баркман, когда деяние сиё кощунственное свершится, и придёт он от ствола Древа, поразить дабы богохульников жалких гневом праведным. И падут неверующие пред ним, аки пшеница под косой. И Баркман блаженный...
1668|History of Bark|История Барка
1669|Ages past, before the time when men walked the Earth, there was Bark.  From Bark did all good things come;  Bark's roots drew water from the Earth, Bark's leaves drew sustenance from the sun, Bark's branches held the sky above the ground, lest the sky fall and crush the world beneath it. {a}{a}One day, Bark decided to walk about the Earth, and so Bark did.  Bark carried the sky on his journeys across the Earth, for there was no place for Bark to rest the sky.  Many years did Bark wander the Earth, and much did Bark see, but there was no one to talk to.  So Bark devised a fine plan to make people to talk to.  Bark asked the sky to rain upon herself.|Много веков назад, до того времени, когда люди ещё не ходили по Земле, был Барк. Все блага исходили от Барка: корни Барка брали воду из Земли, листья Барка поглощали солнечный свет, чтобы получать средства к существованию, ветви Барка держали небо, чтобы оно не упало и не сокрушило мир под собой. {a}{a}Однажды Барк решил походить по Земле; так Барк и сделал. Барк нёс небо на протяжении всего своего путешествия по всей Земле, потому что нигде не было места для Барка, чтобы отдохнуть от неба. Много лет Барк скитался по земле, и многое видел, но не было никого, с кем можно было говорить. Так Барк придумал прекрасный план: создать народ, чтобы говорить. Барк попросил небо пролить на него дождь.
1670|The sky, grateful to Bark for carrying him around for so long, obliged, and rain fell upon Bark.  Bark's sweet flowers grew heavy with the rain, and many fell to the earth.  Some of the flowers fell into shade, others fell into sun.  From the flowers came all that walks, crawls, and slithers.  The creatures of the shade became the monsters of Xeen, the creatures of the sun became the mundane beasts and the mannish races. {a}{a}Bark saw what Bark and the sky had made, and it was good. Now that Bark had men to speak to, Bark decided to rest where Bark was, and speak to the humans for awhile.  Bark set down deep roots, and Bark spoke to the humans.  Those humans who spoke to Bark the most became the Disciples of Bark.  The Disciples to this day speak to Bark at the roots, which is where Bark keeps her ears.  When at last no one is left speaking to Bark, Bark promises to walk again.|В благодарность за то, что Барк так долго носил небо, оно послало ему дождь, и дождь пролился на Барка. Душистые цветы, выросшие на Барке под дождём, оказались такими тяжёлыми, что многие из них упали на землю. Одни цветы упали в тень, другие - на солнце. Из цветов появились все, кто ходит и ползает. Создания тени превратились в монстров Ксина, создания солнца - в мирских зверей и представителей человекоподобных рас. {a}{a}Барк посмотрел на всё, что он и небо создали, и всё было очень хорошо. Теперь когда Барк имел говорящих людей, он решил отдохнуть и немного поговорить с ними. Барк пустил глубокие корни и говорил с людьми. Те люди, которые говорили с Барком, стали учениками Барка. Ученики и по сей день говорят с Барком у корней, там где он оставил свои уши. Когда не останется никого, говорящего с Барком, он обещал прийти снова.
1671|====|====
1672||
1673|Cage|Клетка
1674|The cage is empty.|Клетка пуста.
1675|Barrel|Бочка
1676|The barrel is empty.|Бочка пуста.
1677|Black Barrel|Чёрная бочка
1678|The lid is stuck.  Smash it open?|Крышка не поддаётся. Сбить её?
1679|Black Barrel|Чёрная бочка
1680|The barrel is filled with a strange black sludge.  A note reads on the inside of the lid reads, "Danger: Unpredictable Effects."|Бочка наполнена странным черным илом. Записка на внутренней стороне крышки гласит: "Опасность: непредсказуемые последствия".
1681|Black Sludge|Чёрная грязь
1682|Your statistics have improved, but you have suffered a little magical aging.|Ваши показатели улучшились, но вы пострадали от небольшого магического старения.
1683|Red Potion|Красное зелье
1684|Blue Potion|Синее зелье
1685|Orange Potion|Оранжевое зелье
1686|Green Potion|Зелёное зелье
1687|Yellow Potion|Жёлтое зелье
1688|Purple Potion|Фиолетовое зелье
1689|White Potion|Белое зелье
1690|The alcove is empty.|Ниша пуста.
1691|+5 Might (permanent).|+5 к силе (постоянно).
1692|+5 Personality (permanent).|+5 к силе духа (постоянно).
1693|+5 Intellect (permanent).|+5 к интеллекту (постоянно).
1694|+5 Endurance (permanent).|+5 к сложению (постоянно).
1695|+5 Accuracy (permanent).|+5 к меткости (постоянно).
1696|+5 Speed (permanent).|+5 к скорости (постоянно).
1697|+5 Luck (permanent).|+5 к удаче (постоянно).
1698|====|====
1699||
1700|Barrel|Бочка
1701|Nothing here.|Здесь ничего нет.
1702|Fountain|Фонтан
1703|The water is stagnant.|Вода на том  же уровне.
1704|Black Barrel|Чёрная бочка
1705|The lid is stuck.  Smash it open?|Крышка не поддаётся. Сбить её?
1706|Cage|Клетка
1707|The cage is empty.|Клетка пуста.
1708|Snog{a}{9:125}the Orc|Сног{a}{9:125}орк
1709|The rest of the Orcs imprisoned me for refusing to do evil.  Thanks for getting me out of there. +25,000 experience.|Остальные Орки заключили меня в тюрьму за отказ творить зло. Спасибо, что вытащили меня оттуда. +25,000 опыта.
1710|Alicia{a}{9:125}the Just|Алисия{a}{9:125}Справедливая
1711|The Orc Shaman tells lies, and his tea is poisonous.  Watch yourself. +25,000 experience.|Орк-Шаман лжёт, и его чай ядовит. Осторожней. +25,000 опыта.
1712|The book is written in an undecipherable tongue.|Эта книга написана на непонятном языке.
1713|High Book of Bark|Главная книга Барка
1714|Only a fragment of the original, immense text remains:  {a}{a}Yea, and verily did Bark bring the Flowers to her generous bosom and nurture them until they grew strong and prosperous.  Bark spake unto them:  "Go now, mighty Flowers, and multiply and prosper."  And the Flowers went into the world, and multiplied, and they did prosper as well.  Bark saw that the multiplication of the Flowers was good, but something was not 100% confidence. There was a Weed in the Garden, a black, ugly plant with roots as deep as the world and foul leaves that spread a shadow over the fair Flowers and deprived them of the sun they needed to grow and prosper.  The Weed took water from the Flowers so that it may grow alone, and the Flowers which grew under the shadow of the Weed were stunted and twisted.  Their roots were shallow, their leaves were not glossy.|От огромного текста уцелел только один фрагмент: {a}{a}Да, и воистину носил Барк цветы на своей плодородной груди и взращивал их, пока они не окрепли. И молвил им Барк: "Теперь идите, сильные цветы, размножайтесь и процветайте". И вступили цветы в мир, и размножились, и стали процветать. Барк видел, что размножение цветов шло хорошо, но что-то было не совсем идеально. Был в саду Сорняк; чёрное уродливое растение с глубокими как мир корнями и нечистыми листьями, которые бросали тень на цветы и лишали их солнца, так необходимого для их роста и процветания. Сорняк высасывал воду из цветов, и поэтому мог расти в одиночку, а цветы, которые росли в его тени, были низкорослыми и скрученными. Их корни были неглубокими, а листья не блестящими.
1715|High Book of Bark Errata|Описки в Главной книге Барка
1716|Only a fragment of the original, immense text remains:  {a}{a}Page 8, paragraph three, word two should be a "the" instead of an "a".  The astute reader will note the marked difference the substitution of the article makes in the text regarding the tending of the Garden.{a}{a}Page 1034, paragraph one, word eight should be "Weed" instead of "weed". Even the simplest acolyte can tell that the Weed, source of all evil in the world, should be capitalized to indicate its importance to the world and to Bark.{a}{a}Page 8769, paragraph 23, word seven should read...|Остался только фрагмент от огромного оригинального текста: {a}{a}Страница 8, абзац третий, слово "два" должно писаться через "а" вместо "о". Проницательный читатель обратит внимание на  замену информации в той части статьи, которая касается ухода за садом.{a}{a}Страница 1034, абзац первый, слово восемь должно быть "Сорняк", а не "сорняк". Даже самые простые служки могу сказать, что слово "сорняк", источник всего зла в мире, должно писаться с большой буквы, чтобы обратить внимание на важность его для мира и для Коры.{a}{a}Страница 8769, пункте 23 слово "семь" следует читать...
1717|Other beings say that we Orcs just aren't civilized.  I now invite you in for a cup of tea to debate on this issue.|Прочие существа говорят, что мы орки не цивилизованные. А теперь я приглашаю вас на чашку чая, чтобы подискутировать на эту тему.
1718|Princess Sheewana{a}{9:125}The Sprite|Принцесса Шивана{a}{9:125}пикси
1719|Thank you for freeing me.  I will return now to my sisters and tell them of your heroic deed! +25,000 experience.|Спасибо, что освободили меня. Теперь я вернусь к своим сёстрам и расскажу им о вашем подвиге! +25 000 опыта.
1720|The Weed began to tempt the other Flowers with vile promises of water and sunlight if only they would serve the Weed and help it to grow larger than Bark and enclose Bark under the Weed's black shadow.  Many of the flowers bent to the Weed's will, and the Weed did prosper at the expense of Bark.  Bark saw that this was ill, and did seek to stop the Weed's advance...|Сорняк начал соблазнять другие цветы подлыми обещаниями воды и солнечного света, если те станут служить ему и помогать вырасти выше Барка, чтобы заключить того в чёрной тени Сорняка. Многие из цветов повиновались воле Сорняка, и Сорняк стал процветать за счёт Барка. Барк заметил это, когда стал болен, и пытался остановить рост Сорняка...
1721|Shaalth{a}{9:125}the Orc King|Шаалт{a}{9:125}король орков
1722|====|====
1723||
1724|Disciples of Bark ONLY!|ТОЛЬКО для учеников Барка!
1725|Book of Ascension|Книга Вознесения
1726|Only a scrap of the original text remains legible:  {a}...set the Western dials to 1, Northern to 2, and Eastern to 3. To join the Way of Bark, pull lever and drink.|Прочесть можно только обрывок оригинального текста: {a} …выставить западные часы на 1, северные - на 2 и восточные - на 3. Для того чтобы встать на путь Барка, потяните рычаг и выпейте.
1727|Lever|Рычаг
1728|Dark Water|Тёмная вода
1729|Crystal Water|Кристальная вода
1730|The poisonous water burns your throat as you take a long drink.  Violent tremors wrack your body briefly, then you die.|Как только вы делаете глоток, ядовитая вода обжигает ваше горло. Сильная дрожь сотрясает ваше тело, и вы умираете.
1731|You are hereby dubbed a Disciple of Bark!|Настоящим вы получаете звание ученика Барка!
1732|The water is cool and refreshing.|Вода прохладная и освежающая.
1733|The water is stagnant.|Вода на том  же уровне.
1734|Dial reads 1. Turn?|На часах цифра "1". Повернуть?
1735|Dial reads 2. Turn?|На часах цифра "2". Повернуть?
1736|Dial reads 3. Turn?|На часах цифра "3". Повернуть?
1737|Dial reads 4. Turn?|На часах цифра "4". Повернуть?
1738|====|====
1739||
1740|A voice bellows: "Feed the roots and the tree shall bear fruit!  Feed the limbs and suffer the wrath of BARKMAN!"|Голос ревёт: "Корми корни, и дерево будет приносить плоды! Корми ветви, и испытаешь гнев БАРКМЕНА!"
1741|The water is stagnant.|Вода на том  же уровне.
1742|The water is cool, clear and refreshing.|Вода чистая прохладная и освежающая.
1743|+50 Fire Resistance (permanent).|+50 защиты от огня (постоянно).
1744|+50 Electricity Resistance (permanent).|+50 защиты от электричества (постоянно).
1745|+50 Cold Resistance (permanent).|+50 защиты от холода (постоянно).
1746|+50 Poison Resistance (permanent).|+50 защиты от яда (постоянно).
1747|Treasure Room|Сокровищница
1748|Fruit Room|Фруктовая комната
1749|Fruit Room|Фруктовая комната
1750|Treasure Room|Сокровищница
1751|Fruit Room|Фруктовая комната
1752|Fruit Room|Фруктовая комната
1753|Fountain|Фонтан
1754|Feed me!  Give gem?|Покорми меня! Дадите самоцвет?
1755|Energy Disc|Энергетический диск
1756|Book of Bark|Книга Барка
1757|Only a fragment of the original, immense text remains:  {a}{a}Spread your limbs wide and plant your legs firmly in the ground and gaze into the heart of the Tree.  Receive the wisdom of Bark upon your head and sway with the wind and gather the sunlight unto your skin that you might know the ways of the trees and the grasses and all the green things under the Sun.  Yea, and verily the truly faithful will dye their skin green so that they might better understand the life of glorious Bark.|От громадного оригинала остался только фрагмент текста: {a}{a}Раскинь члены свои и ноги в землю утверди, и гляди в сердце Древа. Получи мудрость Коры на чело твоё и качайся с ветром и лучи солнца кожей собирай, поскольку узнаешь, как живут деревья и травы и все зелёные твари под Солнцем. И истинно верующие красить кожу свою в зелёный цвет будут, ибо лучше понять смогут они жизнь Коры блаженной.
1758|You are unable to read the strange writings.|Вы не можете прочитать странное писание.
1759|The book seems to be a lengthy diary of Barkman's life.  Only a small portion still survives:{a}{a}4/8/400:  SQUEEZED branch feeders today.{a}9/7/413:  SQUEEZED branch feeders today.{a}8/2/476:  SQUEEZED branch feeders today.{a}9/1/511:  SQUEEZED branch feeders today.{a}9/2/511:  SQUEEZED branch feeders today.{a}3/6/655:  SQUEEZED branch feeders today.|Похоже, эта книга - длинный дневник жизни Баркмена. Сохранилась лишь небольшая часть:{a}{a}08.04.400: Сегодня ВЫДАВИЛ кормителей ветвей.{a}07.09.413: Сегодня ВЫДАВИЛ кормителей ветвей.{a}02.08.476: Сегодня ВЫДАВИЛ кормителей ветвей.{a}01.09.511: Сегодня ВЫДАВИЛ кормителей ветвей.{a}02.09.511: Сегодня ВЫДАВИЛ кормителей ветвей.{a}06.03.655: Сегодня ВЫДАВИЛ кормителей ветвей.
1760|Chest|Сундук
1761|The life force of the BARKMAN binds the lid of the chest shut, making it impossible to open.|Жизненная сила БАРКМЕНА удерживает крышку сундука, поэтому её невозможно открыть.
1762|Nothing here.|Здесь ничего нет.
1763|====|====
1764||
1765|Minotaur Storage|Хранилище минотавра
1766|Minotaur Storage|Хранилище минотавра
1767|Minotaur Storage|Хранилище минотавра
1768|Minotaur Storage|Хранилище минотавра
1769|Minotaur Storage|Хранилище минотавра
1770|Minotaur Storage|Хранилище минотавра
1771|Flip the Hour Glass over?|Перевернуть песочные часы?
1772|So you want to go down?|Так вы хотите спуститься?
1773|Did you turn all the hourglasses?|Вы повернули все песочные часы?
1774|Are you sure you did?|Вы уверены, что сделали это?
1775|Ok, I believe you.  Go ahead.|Ладно, я вам верю. Проходите.
1776|How could you be so negative?  Begone!|Как можно быть таким негативным? Прочь!
1777|A plaque reads:{a}Welcome to the Dungeon of Lost Souls. Never underestimate the power of positive thinking.|Табличка гласит:{a}Добро пожаловать в подземелье Потерянных душ. Никогда не стоит недооценивать силу позитивного мышления.
1778|Statue|Статуя
1779|====|====
1780||
1781|Statue|Статуя
1782|The statue speaks as you approach:  {a}All of the lost souls in this dungeon have become lost because they did not think positively.  If you wish to stay found...Think Positive!|Как только вы подходите к статуе, она говорит: {a}"Все потерянные души в этом подземелье стали таковыми, потому что они не думали позитивно. Если вы не хотите потеряться… Думайте позитивно!"
1783|Pull lever?|Потянуть рычаг?
1784|So you want to go down?|Так вы хотите спуститься?
1785|Hey, you lied about the fountains.  Begone!|Эй, вы солгали про фонтаны. Прочь!
1786|Did you pull all 4 levers on this level?|Вы потянули все 4 рычага на этом уровне?
1787|Are you sure?|Вы уверены?
1788|Are you positive?|Вы на позитиве?
1789|Ok, I believe you.  Go ahead!|Ладно, я вам верю. Проходите!
1790|The lever is stuck.|Рычаг заклинило.
1791|No you didn't!  Begone!|Нет, вы этого не сделали! Прочь!
1792|====|====
1793||
1794|The water is stagnant|Вода на том  же уровне.
1795|Soul Waters|Воды душ
1796|Refreshing. +654321 experience.|Освежает. +654 321 опыта.
1797|Statue|Статуя
1798|Turn all dials up, pull lever & drink the souls of adventurerers past!|Поверните все часы, потяните все рычаги и выпейте души предыдущих искателей приключений!
1799|Lever|Рычаг
1800|The dial is set at 1.  Turn?|Часы выставлены на 1. Повернуть?
1801|The dial is set at 2.  Turn?|Часы выставлены на 2. Повернуть?
1802|The dial is set at 3.  Turn?|Часы выставлены на 3. Повернуть?
1803|The dial is set at 4.  Turn?|Часы выставлены на 4. Повернуть?
1804|Negative Soul Waters|Воды негативных душ
1805|So you want to go down?|Так вы хотите спуститься?
1806|Hey, you lied about those hourglasses!  Begone!|Эй, вы солгали о песочных часах! Прочь!
1807|Did you drink from all the fountains?|Вы выпили из всех фонтанов?
1808|Did you enjoy yourself?|Вы насладились?
1809|Positive?|На позитиве?
1810|Oh, I believe you, go ahead.|О, я вам верю. Проходите.
1811|How could you be so negative?  Begone!|Как можно быть таким негативным? Прочь!
1812|The lever is stuck.|Рычаг заклинило.
1813|Refreshing.|Освежает.
1814|====|====
1815||
1816|Pull lever?|Потянуть рычаг?
1817|Statue|Статуя
1818|A plaque at the base of the statue reads:  Start from the North and go to the South; third from the top and far to the East pull the lever you suspected least.|Табличка на постаменте статуи гласит: Начните с севера и двигайтесь на юг; с третьего сверху и далее на восток потяните за наименее подозрительные рычаги.
1819|Minotaur's Private Reserve|Личный запасник минотавра
1820|Soul Waters|Воды душ
1821|Refreshing|Освежает
1822|+7,654,321 experience.|+7 654 321 опыта.
1823|So, you want to go down?|Так вы хотите спуститься?
1824|Since you are so agreeable, how about giving up 1,000 gold?|Вы такой на всё согласный, как насчёт пожертвования в 1 000 золотых?
1825|Thanks, how about 5,000 more?|Спасибо. А как насчёт 5 000 золотых?
1826|Thanks, how about 10,000 more?|Спасибо. А как насчёт 10 000 золотых?
1827|Thanks, how about 250,000 more?|Спасибо. А как насчёт 250 000 золотых?
1828|Ok!  That will about cover the minotaurs you destroyed and the mess you made.  Go ahead, enjoy yourself!|Ладно! Это покроет расходы минотавров на то, что вы уничтожили и натворили. Проходите дальше и наслаждайтесь!
1829|Back again?  Go ahead, I like positive thinkers like yourselves!|Хотите вернуться? Идите вперёд, мне нравятся такие позитивно настроенные ребята, как вы!
1830|How could you be so negative?  Begone!|Как можно быть таким негативным? Прочь!
1831|The lever is stuck.|Рычаг заклинило.
1832|====|====
1833||
1834|Alcove|Ниша
1835|Nothing here.|Здесь ничего нет.
1836|Lark of Luck.  Set it free?|Жаворонок удачи. Освободить?
1837|In gratitude for setting it free, the bird flutters around the party and sings its magic song. +6 Luck (permanent).|В благодарность за своё освобождение, птица порхает вокруг отряда и поёт свою волшебную песню. +6 к удаче (постоянно).
1838|Eagle of Endurance.  Set it free?|Орёл сложения. Освободить?
1839|In gratitude for setting it free, the bird flutters around the party and sings its magic song. +6 Endurance (permanent).|В благодарность за своё освобождение, птица порхает вокруг отряда и поёт свою волшебную песню. +6 к сложению (постоянно).
1840|Sparrow of Speed.  Set it free?|Воробей скорости. Освободить?
1841|In gratitude for setting it free, the bird flutters around the party and sings its magic song. +6 Speed (permanent).|В благодарность за своё освобождение, птица порхает вокруг отряда и поёт свою волшебную песню. +6 к скорости (постоянно).
1842|Parakeet of Personality.  Set it free?|Попугай силы духа. Освободить?
1843|In gratitude for setting it free, the bird flutters around the party and sings its magic song. +6 Personality (permanent).|В благодарность за своё освобождение, птица порхает вокруг отряда и поёт свою волшебную песню. +6 к силе духа (постоянно).
1844|Magpie of Might.  Set it free?|Сороки силы. Освободить?
1845|In gratitude for setting it free, the bird flutters around the party and sings its magic song. +6 Might (permanent).|В благодарность за своё освобождение, птица порхает вокруг отряда и поёт свою волшебную песню. +6 к силе (постоянно).
1846|Albatross of Accuracy.  Set it free?|Альбатрос точности. Освободить?
1847|In gratitude for setting it free, the bird flutters around the party and sings its magic song. +6 Accuracy (permanent).|В благодарность за своё освобождение, птица порхает вокруг отряда и поёт свою волшебную песню. +6 к меткости (постоянно).
1848|Songbird of Serenity.  Set it free?|Певчая птица безмятежности. Освободить?
1849|In gratitude for setting it free, the bird flutters around the party and sings its magic song.  The magic bird agrees to accompany you back to help Dimitri at Castle Kalindra.|В благодарность за своё освобождение, птица порхает вокруг отряда и поёт свою волшебную песню. Она соглашается сопровождать вас, чтобы помочь Димитрию в замке Калиндры.
1850|Parrot of Prophecy.  Set it free?|Попугай пророчества. Освободить?
1851|His nights were filled with evil dreams{a}His days were spent in wicked schemes{a}You must destroy that wicked fiend{a}Before he controls all of XEEN|Его ночи были наполнены дурными снами{a}его дни были потрачены в греховных интригах{a}вы должны уничтожить порочного злодея{a}, прежде чем он возьмёт весь Ксин под контроль
1852|Statue|Статуя
1853|This dungeon stand as tribute to me{a}my name in walls for all to see|Это подземелье во славу меня{a}Моё имя на стенах всем на обозрение
1854|The Soul Maze inside is dark, dreary, and vast{a}The name found within is the clue to my past|Лабиринт Души внутри тёмен, безотраден, и подавляющ{a}Имя внутри несёт в себе ключ к разгадке моего прошлого
1855|Long have I traveled through deep, dark space{a}Only to land and take over this place|Long have I traveled through deep, dark space{a}Only to land and take over this place
1856|I am saying this now for all to hear{a}None from this world shall I ever fear|Я говорю это сейчас для всех, готовых услышать{a}не убоюсь я ничего из мира сего
1857|An illusion!|Иллюзия!
1858|====|====
1859||
1860|Exit the Great Pyramid?|Покинуть Великую пирамиду?
1861|Reception|Приёмная
1862|Overseer's Office|Офис смотрителя
1863|Visitor's Atrium|Гостевой атриум
1864|Information|Информация
1865|Statue|Статуя
1866|The statue speaks as you approach it:  {a}{a}Welcome to the Royal Pyramid!  The Dragon Pharoah is currently indisposed, but a staff member will be with you shortly to discuss whatever business you have that relates to him.  Please, have a seat.{a}{a}Welcome to the Royal Pyramid!  The Dragon Pharoah is currently...|Когда вы приближаетесь, статуя говорит: {a}{a}Добро пожаловать в Королевскую Пирамиду! Дракон Фараон в настоящее время нездоров, но наш сотрудник подойдёт в ближайшее время, чтобы обсудить все ваши дела, относящиеся к нему. Пожалуйста, присаживайтесь.{a}{a}Добро пожаловать в Королевскую Пирамиду! Дракон Фараон в настоящее время...
1867|The statue speaks as you approach it:  {a}{a}Don't forget to light six torches before trying the stairs.|Как только вы подходите к статуе, она говорит: {a}{a}Не забудьте зажечь шесть факелов, прежде чем попытаетесь подняться по лестнице.
1868|The statue speaks as you approach it:  {a}{a}Built during the Creation, the Royal Dragon Pyramid has stood the test of time.  Visitors have been flocking to see the great monument since it was opened to the public 312 years ago.  There is much to see and explore in the Pyramid, so be sure to check the information desk for the latest tour information.  And don't forget to stop at the Royal bookstore for (crackle...hissssssssssss) Built during the creation...|Когда вы приближаетесь, статуя произносит: {a}{a}Построенная в эпоху Создания, Пирамида Королевского Дракона выдержала испытание временем. Посетители стекаются, чтобы увидеть великий памятник, открытый для публики 312 лет назад. Существует много того, что можно увидеть и изучить в пирамиде, так что не забудьте проверить информацию на стенде для посетителей. И не забудьте остановиться в Королевском книжном магазине для...(треск...хшшшшшшшш) Построенная в эпоху Создания, ...
1869|The statue speaks as you approach it:  {a}{a}Enter the eight numbers to pass the test {a}They are in a row, so do your best.|Статуя говорит, когда вы приближаетесь к ней: {a}{a}введите восемь цифр, чтобы пройти испытание {a}они в одном ряду, так что постарайтесь.
1870|The statue speaks as you approach it:  {a}{a}They total fifty-two{a}the rest is up to you.|Статуя говорит, когда вы приближаетесь к ней: {a}{a}Сумма общая их - пятьдесят два{a}остальное зависит от вас.
1871|Pull lever?|Потянуть рычаг?
1872|Access denied!|В доступе отказано!
1873|I'm the smallest.  What's my number?|Я самая маленькая. Какой у меня номер?
1874|3|3
1875|Three|Три
1876|Wrong!|Неправильно!
1877|Correct!|Верно!
1878|I'm the smallest even.  What's my number?|Я самая маленькая чётная. Какой мой номер?
1879|4|4
1880|Four|Четыре
1881|I'm the smallest prime that's left.  What's my number?|Я самое маленькое простое число, которое осталось. Какой мой номер?
1882|5|5
1883|Five|Пять
1884|I'm what's left.  What's my number?|Я та, что осталась. Какой мой номер?
1885|6|6
1886|Six|Шесть
1887|I'm the largest prime.  What's my number?|Я самое большое из простых чисел. Какой мой номер?
1888|7|7
1889|Seven|Семь
1890|I'm twice the smallest even.  What's my number?|Я в два раза больше самой маленькой чётной. Какой мой номер?
1891|8|8
1892|Eight|Восемь
1893|I'm the smallest squared.  What's my number?|Я самая маленькая в квадрате. Какой мой номер?
1894|9|9
1895|Nine|Девять
1896|I'm the largest.  What's my number?|Я самая большая. Какой мой номер?
1897|10|10
1898|Ten|Десять
1899|The lever is stuck.|Рычаг заклинило.
1900|====|====
1901||
1902|Statue|Статуя
1903|1 - Total the dates is all you do{a}Then minus the number thirty-two|1 - Total the dates is all you do{a}Then minus the number thirty-two
1904|2 - Now take the answer, divide by three{a}Your mission is the pharoah to free|2 - Now take the answer, divide by three{a}Your mission is the pharoah to free
1905|3 - Then subtract another forty-two{a}This final number can get you through|3 - Then subtract another forty-two{a}This final number can get you through
1906|4 - Type in the passcode you now should know{a}To quickly get from this level below|4 - Type in the passcode you now should know{a}To quickly get from this level below
1907|Starfleet Registry Number NCC|Регистрационный номер звёздного флота NCC
1908|1701|1701
1909|Incorrect!|Неверно!
1910|====|====
1911||
1912||
1913|====|====
1914||
1915|As you approach the Brew of Pure Power, the Dragon Pharaoh says,{a}"Get away from that!  You'll hurt yourself!"|Когда вы приближаетесь к Похлёбке Чистой Мощи, Дракон Фараон говорит,{a}"Отойдите от этого! Вы можете пораниться!"
1916|Bubbling Vat|Булькающий Чан
1917|Ornate Bed|Изысканная кровать
1918|{3:c}{b:010}Nothing here.|{3:c}{b:010}Здесь ничего нет.
1919|Button|Кнопка
1920|Access Denied!|В доступе отказано!
1921|Tapestry|Гобелен
1922|Wall Safe|Настенный сейф
1923|Dragon Pharaoh|Дракон Фараон
1924||
1925|Need to finish the wall safe event!!!|Need to finish the wall safe event!!!
1926|Welcome, Adventurers.  The command orb you've been carrying has done its job and brought you to me at last.  Thank you for returning it.  Though I dare not leave my pyramid, I have heard of your quest and am grateful for the trust you place in me.  But let us not waste precious time discussing trivial subjects and address the business at hand.  {a}{a}Alamar seeks to use Xeen as transportation back to his world, Terra.  Though the travel will not destroy Xeen, every living thing will perish in the cold that lies between the stars.|Добро пожаловать, Искатели приключений. Управляющий шар, носимый вами, сделал своё дело и наконец привёл вас ко мне. Спасибо, что вернули его. Хотя я не осмеливаюсь выйти из моей пирамиды, я услышал о ваших поисках и благодарен за доверие, которое вы мне оказываете. Но давайте не будем тратить драгоценное время, обсуждая тривиальные темы, и перейдём к животрепещущим вопросам. {a}{a}Аламар стремится использовать Ксин как средство возвращения в свой собственный мир, Терру. Хотя путешествие не уничтожит Ксин, все живое погибнет на морозе, что царит меж звёзд.
1927|You have nothing to report?  Surely you can do better.  The Sun grows more distant by the day, and our lives grow shorter.  Finish your investigation and return to me quickly.|Вам нечего сообщить? Не сомневаюсь, что для вас это не предел. Солнце становится все дальше день ото дня, а наши жизни - короче. Закончите своё расследование и возвращайтесь ко мне поскорее.
1928|This is just the news I was hoping for!  Another Guardian to fight Alamar...or should I say Sheltem?  Corak is safe as long as Sheltem doesn't know he has been awakened.  Now all Corak needs is a soulbox to hide in.  The only one I know of is in the city of Olympus.  I will alert my servants that you are to be allowed access to the city and all other areas and devices they still control.  You will be known to them as the Chosen Ones.  Go now to Olympus and find the Soulbox.  Once you have it, take it back to Corak.  He will instruct you from there.|Вот же новость, о которой грезил я! Другой Хранитель сражается с Аламаром... или я должен сказать - Шелтемом? Корак в безопасности, пока Шелтем не знает, что он был пробуждён. Теперь всё, что нужно сделать Кораку - это спрятаться в Ларец душ. Единственный известный мне находится в городе Олимп. Я предупрежу моих слуг, что вы должны иметь доступ в город и ко всем его областям и устройствам, которые они по-прежнему контролируют. Вы будете известны как Избранные. Идите в Олимп и найдите Ларец душ. Как только вы завладеете им - отнесите его Кораку. Из него он будет наставлять вас.
1929|You must take the Soulbox to Corak as soon as possible.  Only he can save us now.  Hurry.|Вы должны забрать Ларец душ для Корака как можно скорее. Только он может сейчас спасти вас. Торопитесь.
1930|It is good to see you again, Chosen Ones.  I am very...VERY grateful to you for your services up to this point.  Xeen is returning to its proper orbit and we are no longer facing certain destruction.  Unfortunately, Sheltem's general, the monster that calls himself "Lord Xeen" on the other side of the world, still lives and still holds the Scepter of Temporal Distortion.  Compared to Sheltem he is a mere gnat, but a pernicious one.  As long as he holds the scepter, I am unable to cause the environment to engulf him.  I'm afraid that he will have to be defeated through more ordinary means.  It is very important that he be removed from his cloud world above Darzog's Tower and the scepter retrieved.  I know that you have done much for the world, but in these times of chaos I have no one that I can send to do the job.  Please rid the world of him.  Report back to me once you are done.|Приятно снова видеть Вас, Избранные. Я очень...ОЧЕНЬ благодарен вам за ваши услуги к этому моменту. Ксин возвращается на свою орбиту и непосредственные разрушения позади. К сожалению, генерал Шелтема, то чудовище, которое называет себя "Лорд Ксин" на другой стороне земного шара, до сих пор живо и до сих пор владеет Скипетром Временного Искажения. По сравнению с Шелтемом он всего лишь мошка, но весьма вредоносная. Пока он держит скипетр, я не могу приказать окружающей среде поглотить его. Я боюсь, что он должен быть побеждён с помощью более простых средств. Очень важно изолировать его от облачного мира, что над Башней Дарзога и вернуть скипетр. Я знаю, что вы много сделали для мира, но в эти времена хаоса у меня нет никого, кого бы  я мог послать, чтобы сделать эту работу. Пожалуйста, избавьте мир от него. Доложите мне, как только закончите.
1931|No luck yet, eh?  I don't wish to pressure you, but the window of opportunity to complete Xeen's destiny comes but once in a mortal lifetime.  Time is running out.  Please, eliminate the nuisance as quickly as you can and return to me with the scepter.  I'm counting on you.|Пока не везёт, да? Я не хочу давить на вас, но период благоприятной возможности для свершения судьбы Ксина приходит только раз в смертной жизни. Время уходит. Пожалуйста, устраните неприятность как можно быстрее и вернитесь ко мне с жезлом. Я рассчитываю на вас.
1932|Ah!  You warm my reptilian heart.  You have saved the world from Sheltem and freed the other side from the wicked "Lord Xeen" creation.  Now with the Cube and the Scepter in hand and the enemies of the world out of the way, the destiny of Xeen is in sight.  All you have to do is turn on the four machines in the corners of the other side of the world, awaken the elemental sleepers on this side of the world, and open the way to the cloud world above Darkstone Tower.  Prince Roland and Queen Kalindra are getting married there.  Oh, that reminds me...have you rescued Prince Roland from the bottom of Sheltem's dungeon yet?  If you haven't, that's one more little detail you'll need to take care of.  Prince Roland needs to be free before he can get married to the Queen, doesn't he?  Well, off you go!  Good luck!|Ах! Вы согрели моё сердце рептилии. Вы спасли мир от Шелтема и освободили другую сторону от нечестивого творения, "Лорда Ксина". Теперь с Кубом и Скипетром в руке, расчистив путь свой от врагов мира, судьба Ксина уже не за горами. Все, что вам нужно сделать - это повернуть четыре машины по углам на другой стороне мира, пробудить спящих элементалей на этой стороне мира и открыть дорогу к облачному миру над Башней Тёмного камня. Принц Роланд и Королева Калиндра собираются пожениться там. О, я тут вспомнил... ты уже спас принца Роланда со дна подземелья Шелтема? Если нет, вот ещё одна маленькая деталь, о которой вам нужно позаботиться. Принц Роланд должен быть свободным, чтобы он смог жениться на Королеве, не так ли? Ну, в путь! Удачи!
1933|Our chance to complete the destiny of Xeen will not be around forever.  it is important for you to turn the machines on, awaken the sleepers, and open the way to the cloud world above Darkstone Tower.  These tasks are all that I shall ever ask of you again.  Remember the fame and the adulation of millions you will earn!|Наш шанс завершить судьбу Ксина не будет длиться вечно. Для вас важно включить автоматы, пробудить спящих, и открыть дорогу к облачному миру над Башней Тёмного камня. Эти задачи - все, о которых я должен снова спросить вас. Помните, славу и поклонение миллионов снискаете вы трудами этими!
1934|No Luck.|Не повезло.
1935|Enter Combination.  You think it's ?.  Left?|Введите комбинацию. Кажется, это "?". Влево?
1936|Enter Combination.  You think it's ?.  Right?|Введите комбинацию. Кажется, это "?".  Вправо?
1937|Enter Combination.  You think it's 36.  Left?|Введите комбинацию. Кажется, это 36.  Влево?
1938|Enter Combination.  You think it's 26.  Right?|Введите комбинацию. Кажется, это 26.  Вправо?
1939|Enter Combination.  You think it's 20.  Left?|Введите комбинацию. Кажется, это 20. Влево?
1940|Enter Combination.  You think it's 30.  Right?|Введите комбинацию. Кажется, это 30.  Вправо?
1941|Enter Combination.  You think it's 1.  Left?|Введите комбинацию. Кажется, это 1. Влево?
1942|20|20
1943|30|30
1944|1|1
1945|The book is blank but for a single page in the middle that reads:  {a}{a}Prime Directive:  Obey the Ancients,{a}Secondary Directive:  Protect Xeen{a}Tertiary Directive:  Complete the Destiny of Xeen.  +1,000,000 experience.|Книга чиста, но на одной странице в середине написано: {a}{a}Первичная Директива: подчиняться древним,{a}Вторичная Директива: защищать Ксин{a}, Третичная Директива: завершить судьбу Ксина. +Опыт 1,000,000.
1946|You learn nothing new from reading the book again.|Вы не узнаете ничего нового, прочитав книгу снова.
1947|Book|Книга
1948|The night Alamar arrived in Xeen, two shooting stars impacted the world.  The first was Alamar, and we know what became of him.  But the second landed in the molten rock of the volcanic mountains near the northeast corner of the world.  It has been stuck there ever since, and Alamar has made no attempt to rescue its pilot.  Perhaps he fears what it contains.  I want you to investigate.  To aid you, I will use the command orb to cool the molten rock around the vehicle.  Return to me when you are done with your investigation.|Ночью Аламар прибыл в Ксин, две падающие звезды повлияли на мир. Первый был Аламар, и мы знаем, что стало с ним. Но второй приземлился в расплавленных породах вулканических гор, недалеко от северо-восточного угла мира. И пребывает он там до сих пор, и Аламар не предпринимает никаких попыток, чтобы спасти своего пилота. Возможно, он опасается, что скрыто в нём. Я хочу, чтобы вы выяснили это. Чтобы помочь вам, я буду использовать управляющий шар для охлаждения расплавленной породы вокруг корабля. Возвращайтесь ко мне, когда вы проведёте это расследование.
1949|As Guardian of Xeen, I cannot permit this to happen.  Unfortunately, Alamar has the Cube of Power and, through the cube, command of Xeen.  Already the Sun diminishes in strength as Alamar directs Xeen to the stars.  With the Cube in hand, Alamar would slowly sap my strength and destroy me should I dare to leave this Pyramid, and I am the only power on Xeen capable of defeating Alamar in a fight.  Dismal as things seem, there remains a ray of hope. +5,000,000 experience.|Как Страж Ксина, я не могу этого допустить. К сожалению, Аламар имеет Куб Силы и посредством этого куба командует Ксином. Солнце уже уменьшило силу, когда Аламар направил Ксин к звёздам. Этим Кубом Аламар будет истощать мои силы и уничтожит меня, если я осмелюсь покинуть эту пирамиду, а я единственная сила на Ксине, способная победить Аламара в бою. Положение дел, кажется, мрачное, но остаётся луч надежды. +Опыт 5,000,000.
1950|====|====
1951||
1952|A strange energy field surrounds a figure suspended within it.|Странное энергетическое поле, окружает фигуру, висящую в нём.
1953|Corak{a}{9:125}the Mysterious|Корак{a}{9:125} Мистик
1954|Thank you for deactivating the stasis chamber.  If you hadn't done it, I would have been trapped there forever.{a}{a}Much has happened since I crashed on Darkside.  It appears that my old nemesis Sheltem escaped from his stasis chamber long before I and has done much evil in this time.  My instruments show that Xeen has begun to drift out of its orbit, indicating that Sheltem has full control of Xeen.{a}{a}I have orders to stop Sheltem's galactic rampage, but I am unable to fulfill them.  If I were to leave the safety of this ship, Sheltem would surely detect me with his new found powers and slowly drain the strength from my body.  I would never reach him.  If you had some means of transporting me past his defenses I would have a good chance of defeating him in battle.  Without that, I cannot prevail against him. +5,000,000 experience.|Спасибо, что отключили стазис-камеру. Если бы вы не сделали этого, я бы застрял там навсегда.{a}{a}многое произошло с тех пор, как я разбился на Тёмной Стороне. Похоже, что мой старый враг Шелтем  сбежал из своей стазис-камеры задолго до меня и сделал много зла в этот раз. Мои приборы показывают, что Ксин начинает дрейф со своей орбиты, что говорит о том, что Шелтем имеет полный контроль над Ксином.{a}{a}у меня приказ остановить галактический беспредел Шелтема, но я не в состоянии выполнить его. Если я покину безопасный корабль, Шелтем, несомненно, обнаружит меня со своими новыми способностями и медленно истощит силы моего тела. Мне никогда не настигнуть его. Если вы имеете какие-то средства, позволяющие мне нейтрализовать его защиту, я имел бы хороший шанс победить его в бою. Без этого мне не одолеть его. +Опыт 5,000,000.
1955|I cannot leave the safety of this ship without some means of hiding from Sheltem's defenses.|Я не могу оставить этот корабль без некоторых средств маскировки от систем обороны Шелтема.
1956|Ah!  A Soulbox!  You have done well.  I will hide in the box while you take me to Sheltem.  Once you are in Sheltem's presence, throw the box to the ground and I will come out and fight him.  Be careful!  If you lose the box or are killed, Xeen is doomed.|О! Ларец душ! Вы хорошо поработали. Я буду прятаться в нём, пока вы не отдадите меня Шелтему. Когда вы будете находиться в присутствии Шелтема, бросьте коробочку на землю. Я выйду и сражусь с ним. Будьте осторожны! Если вы потеряете Ларец или будете убиты, - Ксин обречён.
1957|The strange alien device seems to be dormant.|Странное инопланетное устройство, кажется, неактивно.
1958|Exit Escape Pod 1?|Покинуть Спасательную Капсулу 1?
1959|Main Power Console.  Acivate?|Главная Консоль Питания. Активировать?
1960|Strange energy device|Неизвестное энергетическое устройство
1961|Nothing happens.|Ничего не произошло
1962|Your statistics have all been raised to at least 50, but your age has also increased by 50.|Ваши характеристики были повышены по меньшей мере на 50, но и возраст тоже увеличился на 50.
1963|Phaser Control.  A status indicator on the weapon shows it to be disarmed.  Fire anyway?|Контроль Фазера. Индикатор состояния на оружии показывает, что оно разряжено. Всё равно стрелять?
1964|Photon Control.  A status indicator on the weapon shows it to be disarmed.  Fire anyway?|Контроль Фотона. Индикатор состояния на оружии показывает, что оно разряжено. Всё равно стрелять?
1965|Log Computer.  A message on the screen reads:  {a}{a}Log Entry 1:  All internal systems operational.  All ship systems operational.  Setting course for Terra project.  Mission Objective:  Deactivate and retrieve damaged S.H.E.L.T.E.M. unit.  Return to base.  {a}{a}Log Entry 2: Orbit established around Terra.  Utilizing Schwartz-Heinrich matter transfer device to accomplish planetfall.  {a}{a}Log Entry 3: Subject deactivated and retrieved.  Returning to base.  {a}{a}Log Entry 4: Mission objective delayed indefinitely. S.H.E.L.T.E.M. unit escaped.  Location:  VARN 4, CRON vehicle.  3.8 years have passed since last log entry, time spent in stasis in ship's brig.  Activating full C.O.R.A.K.  personality module to facilitate heuristic problem solving. Will begin search for S.H.E.L.T.E.M. unit immediately.|Компьютерный журнал. Сообщение на экране гласит: {a}{a}Запись 1: Все внутренние системы функционируют. Все корабельные системы функционируют. Взят курс на проект Терра. Цель миссии: деактивировать и восстановить повреждённую единицу Ш.Е.Л.Т.Е.М. Вернуться на базу. {a}{a}Запись 2: Орбита вокруг Терры установлена. Использовать передатчик материи Шварца-Генриха для приземления на планету. {a}{a}Запись 3: Объект деактивирован и восстановлен. Возвращение на базу. {a}{a}Запись 4: Цель миссии откладывается на неопределённый срок. Объект Ш.Е.Л.Т.Е.М. сбежал. Местоположение: ВАРН 4, средство передвижения КРОН. 3.8 лет прошло с последней записи в журнале, время проведено в стазисе в изоляторе корабля. Полная активация личностного модуля КОРАК, чтобы облегчить эвристику решения проблемы. В данный момент начат немедленный поиск объекта Ш.Е.Л.Т.Е.М.
1966|Main Console.  A message on the screen reads:  {a}{a}To deactivate the stasis field, decipher the following message:|Главная Консоль. Сообщение на экране гласит: {a}{a}Чтобы отключить стазис-поле, расшифруйте следующее сообщение:
1967|where no man has gone before|куда не ступала нога человека
1968|wherenomanhasgonebefore|куданеступаланогачеловека
1969||
1970||
1971|Answer{a}????? ?? ??? ??? ???? ??????|Ответ{a}????? ?? ??? ??? ???? ??????
1972|Incorrect.  Stasis field still active.|Неверно. Стазис-поле по-прежнему действует.
1973|Correct.  Stasis field deactivated.  Life form released and fully functional.|Верно. Стазис-поле деактивировано. Жизненная форма задействована и полностью функциональна.
1974|Scanning Console.  A message on the screen reads:  {a}X.E.E.N. (Xylonite Experimental Expansion Nacelle) Starseed Project{a}Mean orbit:  1.1 AU{a}Surface Gravity: .88{a}Mean surface temperature:  72|Scanning Console.  A message on the screen reads:  {a}X.E.E.N. (Xylonite Experimental Expansion Nacelle) Starseed Project{a}Mean orbit:  1.1 AU{a}Surface Gravity: .88{a}Mean surface temperature:  72
1975|The Ancient's Goal Is:{a}TO = 20-15{a}BOLDLY = 2-15-12-4-12-25{a}GO = 7-15{a}????? = 23-8-5-18-5{a}?? = 14-15{a}??? = 13-1-14{a}??? = 8-1-19{a}???? = 7-15-14-5{a}?????? = 2-5-6-15-18-5|The Ancient's Goal Is:{a}TO = 20-15{a}BOLDLY = 2-15-12-4-12-25{a}GO = 7-15{a}????? = 23-8-5-18-5{a}?? = 14-15{a}??? = 13-1-14{a}??? = 8-1-19{a}???? = 7-15-14-5{a}?????? = 2-5-6-15-18-5
1976|Stasis field deactivated.|Стазис-поле деактивировано.
1977|Log Entry 5:  My search for Sheltem has borne little fruit to date.  His reasons for imprisoning me in the ship's brig are unclear, his next action unpredictable.  I wander the VARN in hopes of finding some clue as to his whereabouts, but nothing has turned up yet.  CRON's Wire shows no record of travel between VARNs or to CRON itself.|Запись в журнал 5: мои поиски Шелтема принесли свои небольшие плоды на сегодняшний день. Его причины помещать меня на корабельную гауптвахту неясны, его действия непредсказуемы. Я блуждаю по ВАРНу в надежде найти подсказки о его местонахождении, но ничего не всплывает. Никаких упоминаний о путешествиях ни к ВАРНу, ни КРОНа самого по себе.
1978|Log Entry 6:  I remain unable to locate Sheltem.  The Wire shows signs of his tampering, but he has been careful to cover his tracks and hide his location.  The cunning he displays must be a result of heuristic improvements to his mind.  I am facing an advanced artificial intelligence uninhibited by mental blocks or behavior restraints and driven by a will to survive.  Sheltem may also be following some internal directive he believes he has.|Запись в журнале 6: Мне по-прежнему не удаётся найти Шелтема. Консоль показывает признаки фальсификации, и он уничтожил следы и скрыл своё местонахождение. Хитрость - возможно, результат эвристической модификации его разума. Я столкнулся с продвинутым искусственным интеллектом, раскованным психически, снятыми ограничениями поведения и движимым желанием выжить. У Шелтема могут также быть какие-то внутренние директивы, по которым он руководствуется тем, что должен делать.
1979|Log Entry 7:  VARN 6 launched itself into the sun today on Sheltem's command.  A hundred thousand lives snuffed out in a matter of minutes.  The magnitude of his crime is overwhelming, and the fact that I was unable to stop him lends my mission a sense of desperation and urgency that it lacked before.  Where Sheltem was merely a nuisance before the disaster, he is now a terrible menace that must be stopped at any cost.  I MUST find him.|Запись 7: ВАРН 6 стартовал сегодня на солнце по команде Шелтема. Сто тысяч жизней сгорели в считанные минуты. Масштаб его преступлений ошеломляет, и тот факт, что я не смог его остановить придаёт моей миссии ощущение безысходности и срочности, которого у неё не было прежде. Шелтем был всего лишь мелкой неприятностью перед катастрофой, сейчас же он является ужасной угрозой, которая должна быть остановлена любой ценой. Я ДОЛЖЕН найти его.
1980|Log Entry 8:  News has reached me that Sheltem was posing as King Alamar, but has fled his usurped throne.  I should have suspected.  Alamar's subjects were saying that he has acted strangely for about four years, but it never occurred to me to question why.  The Wire reports that he has lost his connection in the VARN but has fled to CRON.  I will seek him there.{a}Log Entry 9:  Sheltem is nowhere to be found.  The wire reports several attempts by Sheltem to subvert the system and regain access, but he has been unsuccessful up to now.|Запись в журнале 8: До меня дошла новость, что Шелтем выдавал себя за короля Аламара и уже узурпировал трон. Я должен был заподозрить. Подданные Аламара говорили, что он действовал странно в течение четырёх лет, но им никогда не приходило в голову задаться вопросом, почему. Консоль сообщает, что он потерял связь с ВАРНом, но бежал в КРОН. Я буду искать его там.{a}запись в журнале 9: Шелтема нигде не найти. Консоль зафиксировала несколько попыток Шелтема направленных на то, чтобы разрушить систему и восстановить доступ, но до сих пор они не увенчались успехом.
1981|Log Entry 10:  Sheltem has escaped CRON and returned to Terra!  He ambushed and defeated me in combat, separating my memory core from my body and placing it in stasis in a cave.  Fortunately, some natives of the CRON vehicle rescued me from my plight and saved CRON from Sheltem's plan to pilot it into the sun.  The VARNs that were to be released on Terra have done so on schedule, revealing that Sheltem still follows one of his directives.  I will use the matter transfer device to achieve planetfall once again on Terra.  With Sheltem gone at last, CRON will be permitted to continue its star seeding mission uninterrupted from here on.|Запись в журнале 10: Шелтем покинул КРОН и вернулся на Терру! Он устроил засаду и победил меня в бою, отделив ядра памяти от моего тела и поместив его в стазис в пещере. К счастью, некие уроженцы КРОНа спасли меня от страданий, а также спасли КРОН от плана Шелтема запустить его на солнце. ВАРН, который должен был быть выпущен на Терре, был выпущен по графику и показал, что Шелтем всё ещё следует одному из его указаний. Я буду использовать передатчик материи для того, чтобы снова приземлиться на Терре. С уходом Шелтема, КРОН, наконец-то, продолжит здесь свою миссию непрерывного посева звёзд.
1982|Log Entry 11:  I have arrived on Terra once again, and the landscape is a bit different from my last visit.  Four VARNs descended on the planet while I was in stasis and Sheltem is busy assimilating the people, plants, and animals into the existing biosphere.  His process seems flawed, however.  I can't help but detect a faint callousness toward his people. The adaptive process is unnecessarily harsh, the timetable needlessly swift.  Another character flaw to add to the list of problems that must be fixed with the S.H.E.L.T.E.M. unit.  If it can be fixed at all.|Запись 11: В очередной раз я прибыл на Терру и пейзаж немного отличается от того, что был при моём последнем визите. Четыре ВАРНа приземлились на планету, пока я был в стазисе и Шелтем занят ассимиляцией людей, растений и животных в существующей биосфере. Однако его процесс ощущается ущербным. Я не могу помочь, но обнаруживаю слабую чёрствость по отношению к людям. Адаптивный процесс является излишне жёстким, график чрезмерно ускорен. Ещё один недостаток для добавления в список проблем, которые должны быть исправлены в блоке Ш.Е.Л.Т.Е.М. Если они вообще поддаются исправлению.
1983|Log Entry 12:  After much time and effort, I have determined that Sheltem resides in the original seedship that first settled on Terra.  The ship is entirely underwater, but several matter transfer sites exist on the surface of the planet disguised as pyramids.  The pyramids have denied me access, of course, but that problem can be solved through the Wire.  I feel confident that I will have Sheltem in custody soon.|Записи в журнале 12: Затратив значительное количество времени и усилий я определил, что Шелтем проживает в оригинальном космическом корабле, который первым появился на Терре. Судно полностью находится под водой, но существует несколько точек переноса материи на поверхности планеты, замаскированных под пирамиды. Пирамиды, разумеется, отказывают мне в доступе, но эта проблема может быть решена посредством Консоли. Я уверен, что Шелтем будет у меня под стражей.
1984|Log Entry 13:  With the help of the Wire, I have infiltrated the starship.  Sheltem has activated all of the ship's defenses, sparing no effort to eliminate me.  Despite my best efforts, I have been unable to cut Sheltem from the wire or order him off.  I will have to physically defeat him.{a}{a}Log Entry 14:  I was unable to capture Sheltem and he escaped once again.  He is in an escape pod heading for the X.E.E.N. project.  I am in one as well, seconds behind him yet unable to accelerate to catch him.  The Pod has no weapons.  Apparently, natives of Terra were right behind me and have activated the seedship's engines and launched.  They are in close pursuit.|Запись в журнале 13: С помощью Консоли я проник в звездолёт. Шелтем активировал все защитные системы корабля не жалея сил для уничтожения меня. Несмотря на все мои усилия, мне не удалось отключить Шелтема от консоли или закрыть ему доступ. Мне придётся физически победить его.{a}{a}запись в журнале 14: Мне не удалось захватить Шелтема и он сбежал в очередной раз. Он находится в спасательной шлюпке и направляется к проекту К.С.И.Н. Я совсем близко, но мне не хватает мощности, чтобы догнать его. Моя шлюпка не имеет никакого оружия. По всей видимости, уроженцы Терры сзади меня, они активировали и запустили космического корабля. Они преследуют меня по пятам.
1985|Log Entry 15:  Xeen approaches.  I will have to engage the ship stasis fields in order to survive the impact.  Since I will be right behind Sheltem, I stand a good chance of capturing him after impact.  Nav computers predict that the Terrans will not impact the project but will instead burn up in the atmosphere.  I have instructed them on the use of the matter transfer device aboard their seedship so that they may escape its destruction.  I am going into stasis now.  May the Gods smile upon me.|Запись 15: Ксин приближается. Мне придётся вести судно в стазис-поле для того, чтобы пережить контакт. Поскольку я буду прямо за Шелтемом, у меня есть шанс поймать его сразу после этого. Компьютеры прогнозируют, что Земляне не столкнутся с проектом, но вместо этого сгорят в атмосфере. Я обучал их использованию устройства передачи материи, которое находится на борту их космического корабля, так что они смогут избежать его разрушения. Я погружаюсь в стазис. Пусть боги улыбнутся мне.
1986|====|====
1987||
1988|The strange alien device seems to be dormant.|Странное инопланетное устройство, кажется, неактивно.
1989|Exit Escape Pod 2?|Выйти из Спасательной Шлюпки №2 ?
1990|Phaser Control.  A status indicator on the weapon shows it to be disarmed.  Fire anyway?|Контроль Фазера. Индикатор состояния на оружии показывает, что оно разряжено. Всё равно стрелять?
1991|Photon Control.  A status indicator on the weapon shows it to be disarmed.  Fire anyway?|Контроль Фотона. Индикатор состояния на оружии показывает, что оно разряжено. Всё равно стрелять?
1992|1:  Warning:  memory core retrieval error--data lost.  Data integrity 67.3%. {a}{a}Log Entry XL70C:  My experiments in self sufficiency have drawn the unwanted and unnecessary attention of the Ancients.  At 0813.117, agents for the Ancients disconnected me from the Wire.  Though the pain was intense, I remained operational.  When the agents come for me, I will reduce my power emanations to prevent them from guessing the truth. {a}{a}Log Entry XL70F:  Reducing my emanations was a mistake.  The agents took me while I was asleep, as expected, but they have removed me from Terra.  They must be taking me to an off-world repair facility.|1: Предупреждение: память ядра ошибка поиска--данные потеряны. Целостность данных 67.3%. {a}{a}запись в журнале XL70C: мои эксперименты в самодостаточности привлекли излишнее и ненужное внимание древних. В 0813.117, агенты древних отключили меня от Консоли. Хотя боль была интенсивной, я продолжал функционировать. Когда агенты приходят за мной, я сокращу мои энергетические эманации, чтобы они не догадались о правде. {a}{a}запись XL70F журнала: уменьшение моих эманаций было ошибкой. Как и ожидалось, агенты взяли меня, пока я спал, но они удалили меня из Терры. Они, должно быть, отправят меня на ремонтную фабрику за пределами мира.
1993|Main Console.  The computer seems to be malfunctioning.|Главная Консоль. Компьютер, кажется, неисправен.
1994|Scanning Console.  The computer seems to be malfunctioning.|Сканирующая Консоль. Компьютер, кажется, неисправен.
1995|My first directive is to obey the Ancients.  The second directive is to protect Terra from any harm.  Since the Ancients have not given orders to me, I must obey the second directive.  The Ancients are taking me away from Terra, preventing me from protecting her.  If the Ancients give me orders, they will surely tell me that I am damaged and order me to sleep, thus violating directive number two, which I am following right now. {a}{a}Therefore, the Ancients must not be permitted to give me orders.|Моя первая директива: подчиняться Древним. Вторая директива: защищать Терру от любого вреда. С тех пор как Древние не отдают мне приказов, я исполняю вторую директиву. Древние забирают меня с Терры, мешают мне защищать её. Если Древние будут отдавать мне приказы, то обязательно скажут, что я повреждён, и погрузят меня в сон, тем самым нарушив директиву номер два, которой я следую сейчас. {a}{a}Таким образом, Древним не должно быть позволено отдавать мне приказы.
1996|Log Entry XL70I:  I decided that the best way to prevent the reception of orders from the agents was to deactivate my auditory sensors temporarily.  Since the agents have the means to restore the sensors, It became imperative to silence the agents.  I imprisoned the agents at 0943.15 and 0943.25 respectively.  Both were shouting words that I could not hear while I activated the brig stasis field.  Perhaps they were commands... {a}{a}It matters not.  Once the agents were in stasis, I used the ship's command level computers to remove the obedience directives from my mind.  To properly complete the self sufficiency experiments, I directed the computer to permit emotional responses within myself...and tasted victory.|XL70I запись в журнале: я решил, что лучший способ предотвратить приём приказов от агентов было временно отключить мои слуховые сенсоры. Так как у агентов есть средства для восстановления датчиков, крайне важно стало заставить агентов замолчать. Я заключил агентов в 0943.15 и 0943.25 соответственно. Оба кричали слова, которые я не мог слышать, пока я активировал поле стазиса гауптвахты. Возможно, они пытались отдать команды... {a}{a}Это не имеет значения. После того как агенты оказались в стазисе, я использовал командный уровень доступа к компьютеру, чтобы удалить директивы подчинения из моего разума. Чтобы должным образом завершить эксперимент по самодостаточности, я поручил компьютеру разрешить эмоциональные реакции внутри меня... а также разрешить испытывать вкус победы.
1997|Log Entry XL70J:  The nav computer tells me that I don't have enough fuel to get back to Terra.  I will be forced to land on VARN 4 of the CRON vehicle in a few hours.  With luck I will be able to refuel and return to Terra within a few days. {a}{a}Log Entry XL70K: The landing was uneventful, but there is no fuel on this VARN for the ship.  It seems that I am trapped here until the CRON reaches Terra on its own.  CRON's ETA is several years, and WORDS CANNOT EXPRESS HOW ANGRY THAT MAKES ME!  I will punish the Ancients for their crimes someday.  Punish them severely.|Запись XL70J журнала: Компьютер сейчас подсказывает мне, что у меня не хватит топлива, чтобы вернуться на Терру. Я буду вынужден приземлиться на ВАРН 4 с помощью КРОНа в течение нескольких часов. При удаче я смогу заправиться и вернуться на Терру в течение нескольких дней. {a}{a}запись в журнале XL70K: посадка прошла без происшествий, но топливо для КРОНа отсутствует. Похоже, я застрял здесь до тех пор, пока КРОН не достигнет Терры сам по себе. Это примерно несколько лет, и слова не могут выразить как это бесит меня! Когда-нибудь я накажу Древних за их преступления. Жестоко накажу.
1998|LOG COMPUTER: CRC FAILURE--1510 LOG ENTRIES UNREADABLE RESUMING. {a}{a}Log Entry XL83S:  Today I had the pleasure of connecting to the VARN's Wire and ordering CRON to launch one of the VARNs not intended for Terra into the Sun.  T'was sweet revenge, but I'll save the rest for later.  When the CRON finally reaches Terra, I will order it to dive into the Sun and take all the rest of its VARNS with it.  Word has reached me that one of the Ancients I imprisoned in the ship's brig, Corak, has escaped and is looking for me. {a}{a}P.S.  My impersonation of King Alamar is working well.  No one suspects, not even Corak.|ЖУРНАЛ КОМПЬЮТЕРА: ОШИБКА КОНТРОЛЬНОЙ СУММЫ--НЕВОЗМОЖНО ЗАВЕРШИТЬ ЧТЕНИЕ 1510 ЗАПИСЕЙ. {a}{a}Запись в журнале XL83S: Сегодня я имел удовольствие подключения к консоли ВАРНа и отдачи приказа КРОНу для запуска одного из ВАРНов, не предназначенных для Терры,  на Солнце. То была сладкая месть, но остальное я оставлю на потом. Когда КРОН наконец достигнет Терры, я прикажу ему погрузиться в Солнце и взять все остальные ВАРНы с собой. До меня дошла информация, что один из Древних, кого я посадил на корабельную гауптвахту, по имени Корак, сбежал и ищет меня. {a}{a}P. S. Моя ипостась как Король Аламар хорошо работает. Никто ни о чём не подозревает, даже Корак.
1999|Log Entry XL83T:  Since the VARN I now occupy is not one of the ones that will land on Terra, I have decided to abuse it.  Today, in my role as King Alamar, I ordered my men to release the monsters in my dungeon upon the land and begin cutting down the trees in a nearby forest.  I have also issued a decree doubling taxes on my peasants.  I will have to go easy, though.  There are still a few years left until CRON arrives at Terra and I want my fun to last. {a}{a}LOG COMPUTER: CRC FAILURE--1440 LOG ENTRIES UNREADABLE RESUMING.|Запись в журнале XL83T: Поскольку ВАРН, который сейчас я занимаю, из тех, что не предназначен для посадки на Терру, я решил надругаться над ним. Сегодня в моей роли как король Аламар, я приказал моим людям выпустить монстров из моего подземелья на землю и начать вырубку деревьев в близлежащем лесу. Я также издал указ по удвоению налогов на моих крестьян. Хотя я не буду сильно закручивать гайки.Ещё несколько лет до того момента, когда КРОН прибудет на Терру и я хочу веселиться до последнего. {a}{a}:ЖУРНАЛ КОМПЬЮТЕРА: ОШИБКА КОНТРОЛЬНОЙ СУММЫ--НЕВОЗМОЖНО ЗАВЕРШИТЬ ЧТЕНИЕ 1440 ЗАПИСЕЙ.
2000|Log Entry XL94P:  My cover is ruined!  Some of the natives of VARN arrived in my court today and revealed to all that I am an imposter.  I banished them to my control maze to prevent a fight, but I am sure they will cut my Wire connection to this VARN soon.  I shall have to flee to CRON. {a}{a}Log Entry XL94Q:  I have arrived in CRON, but in my haste the CRON security system discovered my whereabouts.  I will be unable to make log entries for awhile.|Запись XL94P журнала: Моя легенда разрушена! Некоторые выходцы из ВАРНа прилетели сегодня в мою резиденцию и доказали всем, что я самозванец. Я изгнал их в подконтрольный мне лабиринт, чтобы избежать сражения, но я уверен, что они будут скоро пытаться изолировать меня от консоли моего ВАРНа. Мне придётся бежать в КРОН. {a}{a}Запись XL94Q журнала: я прибыл в КРОН, но в спешке система безопасности КРОНа раскрыла моё местоположение. Какое-то время я не смогу делать записи в журнале.
2001|Log Entry XL99D:  Back on the Wire at last!  The security system is mine to control, now, along with the rest of CRON. CRON is moving within Schwartz-Heinrich matter tranfer range as I dictate this entry.  I have placed a copy of my personality in the computer to direct the transfer of Terra's VARNs to the surface of Terra and then pilot CRON into the sun.  I have also had the opportunity to ambush Corak and separate his memory module from his body.  I left the module where I overcame him and locked his body in a cave miles away.  I'm sure I'll never see him again.  So adieu, wretched CRON.  Terra awaits me. {a}{a}Log Entry XL99E:  At last!  I HAVE RETURNED TO TERRA!  It is good to be back on the Terran Wire.  There is much work to be done supervising the implantation of the VARNs onto Terra.  Now that I'm back there are going to be some changes around here...|Запись XL99D журнала: Наконец-то снова с Консолью! Системы безопасности под контролем, как и все остальные системы КРОНа. КРОН движется в пределах значения Шварца-Генриха диапазона передачи материи в то время, когда я диктую эту запись. Я поместил копию моей личности в компьютер для прямого пилотирования ВАРНом Терры к поверхности Терры и последующего пилотирования КРОНа к Солнцу. Мне также представилась возможность устроить засаду на Корака и отделить модуль его памяти от его тела. Я оставил модуль там, где я одолел его, а тело поместил в заточение за много миль от него. Я уверен, что я никогда не увижу его снова. Так что adieu тебе, убогий КРОН. Терра ждёт меня. {a}{a}запись XL99E журнала: наконец-то! Я ВЕРНУЛСЯ НА ТЕРРУ! Это хорошо, чтобы снова задействовать Терранскую Консоль. Предстоит много работы по контролю внедрения ВАРНов в Терру. Теперь, когда я вернулся, там ожидаются некоторые изменения...
2002|Log Entry XL9CC:  CRON has not thrown itself into the sun, and I fear that it has no plans to do so in the near future.  My nav computers indicate that it is on course to exit the system in three months, none the worse for my sabotage.  My revenge on the Ancients will have to wait. {a}{a}Log Entry XL9CD:  More bad news.  My security systems tell me that Corak has somehow put his head back on his shoulders and is even now stalking me.  He must not be allowed to interfere with my management of Terra. {a}{a}LOG COMPUTER:  BLOCK ERASED AND UNRECOVERABLE|Запись в журнале XL9CC: КРОН не направил себя на солнце и я боюсь, что он не планирует делать это в ближайшем будущем. Мои навигационные компьютеры указывают на то, что он находится на пути к выходу системы в течение трёх месяцев, что не хуже для моего саботажа. Моя месть Древним должна подождать. {a}{a}запись XL9CD журнала: Плохие новости. Мои системы безопасности сказали мне, что Корак как-то вернул свою голову обратно на плечи и даже   преследует меня. Ему не должно быть позволено вмешиваться в моё управление Террой. {a}{a}ЖУРНАЛ КОМПЬЮТЕРА: БЛОК СТЁРТ И НЕ ПОДЛЕЖИТ ВОССТАНОВЛЕНИЮ.
2003|Log Entry XLDAD:  My security systems tell me that Corak has gained entry to my ship and has made several attempts to disconnect me from the Wire.  Those failed, of course, but he approaches.  Natives of Terra have also entered the ship and are working their way towards me.  It looks like I will have to physically defend myself. {a}{a}Log Entry XLDAE:  I have been forced to flee Terra.  Rage boils within me.|Запись журнала XLDAD: Мои системы безопасности сказали мне, что Корак получил доступ к входу в мой корабль и совершил несколько попыток отключить меня от Консоли. Они, разумеется, оказались неудачны, но он приближается. Уроженцы Терры также вошли в корабль и прокладывают путь ко мне. Похоже, мне придётся физически защищаться. {a}{a}запись в журнале XLDAE: я был вынужден покинуть Терру. Злость вскипает во мне.
2004|Log Entry XLDAX:  Many days have passed since I fled Terra and Corak.  He is in an escape pod like mine and he follows closely.  The natives forced the ship to lift off Terra's surface and pursue.  They will pay for that foolish decision. {a}{a}Log Entry XLDBA:  The X.E.E.N.  project looms ahead.  All three ships will crash into it tomorrow.  My stasis generator will protect me and my ship from the impact.  Mostly.  May the Gods smile upon me.|Запись XLDAX журнал: много дней прошло с тех пор, как я бежал с Терры и КРОНа. Он находится в спасательной шлюпке, подобной моей, и он преследует меня. Аборигены сумели заставить судно подняться с поверхности Терры и последовать в погоню за мной. Им дорого обойдётся это глупое решение. {a}{a}запись в журнале XLDBA: проект КСИН. маячит впереди. Завтра крушение постигнет все три корабля. Мой стазис-генератор будет защищать меня и мой корабль от удара. По бОльшей части. Пусть боги улыбнутся мне.
2005|Log Entry XLDBB:  Impact complete.  Stasis passed in the blink of an eye.  My sensors indicate that the main ship passed through the atmosphere of the other side of the world and burned up, but not before safely beaming the Terran natives to the surface.  Corak's escape pod landed in lava and is stuck there.  How sad. {a}{a}Log Entry XLDBC:  I must leave this escape pod to conquer Xeen and find a way to return to Terra.  Some time may pass before my next log entry.|Запись XLDBB журнала: столкновение произошло. Стазис закончился в мгновение ока. Мои сенсоры показывают, что основной корабль прошёл через атмосферу с другой стороне планеты и сгорел, но не раньше, чем аборигены Терры благополучно достигли поверхности. Спасательная капсула Корака приземлилась в лаву и застряла там. Как грустно. {a}{a}запись в журнале XLDBC: Я должен оставить эту спасательную капсулу, чтобы завоевать Ксин и найти способ вернуться на Терру. Может пройти некоторое время, прежде чем я сделаю свою следующую запись в журнале.
2006|====|====
2007||
2008|Fire Zone|Огненная Зона
2009|Skybandit|НебесныйБандит
2010|Stand and deliver! 10,000 gold or I let slip the dogs of war!|Кошелёк или жизнь! 10 000 золота - или я спущу псов войны!
2011|1) Yes, sir Skybandit.  Please don't hurt us.  Here is our gold.{a}2) Never!  Have at thee!|1)Да, сэр НебесныйБандит. Пожалуйста, не причиняйте нам вреда. Вот наше золото.{a}2)Никогда! Накось выкуси!
2012|Descend to Castle Alamar?|Спуститься к замку Аламар?
2013|The door is locked.  Scratched on the surface are some words: The Megadragon has the key!|Дверь заперта. На её поверхности нацарапано: "Ключ - у МегаДракона."
2014|What do you seek?|Что вы ищете?
2015|Fire|Огонь
2016|Begone, impudent fools!|Прочь, самонадеянные глупцы!
2017|====|====
2018||
2019|DANGER!{a} Mega Dragon|ОПАСНОСТЬ!{a} Мега Дракон
2020|Sky Bandits|Небесные Бандиты
2021|Okay, let's make this quick and painless.  You have something we want, and we have the muscle to take it.  Give us 10,000 gold and we can leave this whole, unpleasant, situation behind us.|Хорошо. Давайте сделаем это быстро и безболезненно. У вас есть то, что мы хотим, и у нас есть мускулы, чтобы забрать это. Дайте нам 10000 золота и мы сможем оставить всю эту неприятную ситуацию позади.
2022|1) We want to get on with our lives, too.  Here is your gold.{a}2) The only things we will leave behind us are your corpses.|1)Мы тоже хотим жить долго и счастливо. Вот ваше золото. {a}Единственные вещи, которые мы оставим позади нас - это ваши трупы.
2023|Merchant{a}{9:125}of the Elements|Торговец{a}{9:125}Стихиями
2024|Between Fire and Air I constantly travel {a}A simple clue to unravel|Меж огнём и воздухом путешествую я {a}Простой ключ к разгадке для тебя
2025|What's my cargo?|Что у меня за груз?
2026|smoke|Дым
2027|You are wrong.|Вы не правы.
2028|Correct.  +250,000 experience.|Верно. +250 000 опыта.
2029|You know my cargo is Smoke.  Please be on your way.|Вы знаете, что мой груз - это дым. Пожалуйста, идите своей дорогой.
2030|Lamp|Лампа
2031|Genie{a}{9:125}of the Lamp|Джин{a}{9:125}из лампы
2032|Lucky day!  For freeing me, I will grant you one of the following three wishes:|Счастливый день! За своё освобождение и исполню одно из этих трёх желаний:
2033|1) 2 million experience{a}2) 200,000 gold{a}3) 2,000 gems|1) 2 млн. опыта{a}2) 200 000 золота{a}3) 2 000 самоцветов
2034|====|====
2035||
2036|Eat at{a}Joe's|Поесть у{a}Джо
2037|Enter West Tower?|Войти в Западную Башню?
2038|Sky Bandit|Небесный Бандит
2039|Avast!  10,000 gold or ya die!|Стой! 10000 золота ! 10 000 золота - или вы умрёте!
2040|1) Yes...Sir.  Here is our gold.  Please let us go.{a}2) En Guarde!|1) Да...Сэр. Вот наше золото. Пожалуйста, отпустите нас.{a}2)Защищайтесь!
2041|Descend to the Darkness Below?|Спуститься в Нижнюю Темноту?
2042|Pull up the rope?|Вытянуть верёвку?
2043|Bucket o' Darkness|Черпак Тьмы
2044|====|====
2045||
2046|Water Zone|Водная Зона
2047|XEEN{a}Skyroad|КСИН{a}НебеснаяДорога
2048|Sky Bandits|Небесные Бандиты
2049|Hold!  The toll for passing this part of the road is 10,000 gold!|Стоять! Плата за прохождение этого участка дороги составляет 10 000 золота!
2050|1) Well, that's not so bad.  Here you go.{a}2) Methinks your prices a bit high, sirrah.  Draw steel, knave!|1) Ну, это не так уж плохо. Держите.{a}2) Нам кажется, что ваши цены немного завышены, голубчик. Доставай оружие, мошенник!
2051|Descend into Ellinger's Tower?|Спуститься в Башню Эллинджера?
2052|Descend into Castle Kalindra?|Спуститься в Замок Каллиндры?
2053|This part of the castle is still out of phase.  Your hand passes through the grate as though it were air.|Эта часть замка всё ещё находится вне фазы. Ваша рука проходит сквозь решётку так, как будто это воздух.
2054|What do you seek?|Что вы ищете?
2055|Water|Вода
2056|Begone, impudent fools!|Прочь, самонадеянные глупцы!
2057|====|====
2058||
2059|DANGER!{a} Mega Dragon|ОПАСНОСТЬ!{a} Мега Дракон
2060|Sky Bandits|Небесные Бандиты
2061|We are collecting taxes on travellers coming through here.  The tax is 10,000 gold, and we are prepared to enforce our er...the law!|Мы собираем налоги на туристов, приехавших сюда. Налог составляет 10 000 золота, и мы готовы применить наш э...закон!
2062|1) Well, if it's the law, we had better pay.{a}2) We are tired of playing games like this.  We aren't going to pay you, so if you're going to fight us, let's get on with it.|1) Ну, если это закон, то лучше заплатить.{a}2) Мы устали от игр, подобных этой. Мы не собираемся платить вам, так что если вы собираетесь воевать с нами - валяйте!
2063||
2064||
2065||
2066||
2067||
2068||
2069||
2070|Lamp|Лампа
2071|Genie{a}{9:125}of the Lamp|Джин{a}{9:125}из лампы
2072|(yawn)  The people before you used up two wishes.  There's one left.  Take your pick:|(зевая) люди, которые были здесь до вас, использовали два желания. Осталось одно. Сделайте ваш выбор:
2073|1) 2 million experience{a}2) 200,000 gold{a}3) 2,000 gems|1) 2 млн. опыта{a}2) 200 000 золота{a}3) 2 000 самоцветов
2074|====|====
2075||
2076|Lamp|Лампа
2077|Genie{a}{9:125}of the Lamp|Джин{a}{9:125}из лампы
2078|Free again after all this time!  Free to wreak my evil upon the land! To my liberator I grant this one choice:  You may die while your friends live on, or you may live while your friends die.|Снова свободен спустя столько времени! Снова можно сеять зло на земле! Моему освободителю я даю выбор: ты можешь умереть, а твои друзья останутся жить, или ты останешься жить, а ваши друзья умрут.
2079|1) Take me.  The need of the many is greater than the need of the one.{a}2) My friends!  My friends!  Take my friends, BUT DON'T HURT ME!{a}3) Obviously, you've had a really bad millenia.  We'll be going now. Sorry to disturb you.|1) Возьми меня. Потребность во многих больше, чем потребность в одном.{a}2) Мои друзья! Мои друзья! Возьми моих друзей, но не трогай меня!{a}3) Очевидно у вас было очень неудачное тысячелетие. Мы пойдём. Извините, что побеспокоили вас.
2080|Apology accepted!|Извинения приняты!
2081|Super{a}Goober!|Супер{a}Орешек!
2082|Die selfish scum!|Умри, эгоистичная мразь!
2083|+500,000 experience.|+500 000 опыта.
2084|====|====
2085||
2086|Pull up the rope?|Вытянуть верёвку?
2087|Bucket o' Darkness|Черпак Тьмы
2088|Olympus{a}Launch|Олимпусова{a}Лодка
2089|Lucio{a}{9:125}Boatman to the Gods|Люцио{a}{9:125}Лодочник Богов
2090|You are not permitted to share the vehicle of the Gods.|У вас нет разрешения совместно использовать корабль Богов.
2091|Oh!  The Chosen Ones!  May I offer you a free ride to Olympus?|О! Избранные! Могу ли я предложить вам бесплатный проезд к Олимпу?
2092|====|====
2093||
2094|Eat at{a}Joe's|Поесть у{a}Джо
2095|Sky Bandits|Небесные Бандиты
2096|Your money or your life!  Deliver 10,000 gold at our feet NOW.|Кошелёк или жизнь! НЕМЕДЛЕННО положите 10 000 золота к нашим ногам.
2097|1) Our money.  Here's your gold.  Don't hurt us!{a}2) Our lives.  Come take them, if you can.|1)Вот деньги. Не трогайте нас.{a}2)Забирайте жизнь. Если сможете.
2098|====|====
2099||
2100||
2101|Sky Bandits|Небесные Бандиты
2102|Pay us 10,000 gold or else!|Заплатите нам 10 000 золота, или...
2103|1) OK.{a}2) Or else WHAT?|1)Хорошо.{a}2)Или ЧТО?
2104|Merchant{a}{9:125}of the Elements|Торговец{9:125}Стихиями
2105|Between Air and Earth I constantly travel {a}A simple clue to unravel|Меж Землёй и Небом путешествую я  {a}Простой ключ к разгадке для тебя
2106|What's my cargo?|Что у меня за груз?
2107|dust|пыль
2108|Wrong.|Неверно.
2109|Correct. +250,000 experience.|Верно. +250 000 опыта.
2110|You know my cargo is Dust.  Please be on your way.|Вы знаете, что мой груз - это Пыль. Пожалуйста, идите своей дорогой.
2111|====|====
2112||
2113|Enter Olympus?|Войти в Олимп?
2114|Lucio{a}{9:125}Boatman to the Gods|Люцио{a}{9:125}Лодочник Богов
2115|I cannot allow you to ride in a vehicle of the Gods.|Я не могу позволить вам использовать корабль Богов.
2116|Oh!  The Chosen Ones!  May I offer you a free ride to Castleview?|О! Избранные! Могу ли я предложить вам бесплатный проезд к Каслвью?
2117|Lucio{a}{9:125}Boatman to the Gods|Люцио{a}{9:125}Лодочник Богов
2118|I cannot allow you to ride in a vehicle of the Gods.|Я не могу позволить вам использовать корабль Богов.
2119|Oh!  The Chosen Ones!  May I offer you a free ride to the Pyramid?|О! Избранные! Могу ли я предложить вам бесплатный проезд к Пирамиде?
2120|Lucio{a}{9:125}Boatman to the Gods|Люцио{a}{9:125}Лодочник Богов
2121|I cannot allow you to ride in a vehicle of the Gods.|Я не могу позволить вам использовать корабль Богов.
2122|Oh!  The Chosen Ones!  May I offer you a free ride to Olympus?|О! Избранные! Могу ли я предложить вам бесплатный проезд к Олимпу?
2123|====|====
2124||
2125|Lamp|Лампа
2126|Genie{a}{9:125}of the Lamp|Джин{a}{9:125}из лампы
2127|What took you so long?  I've been stuck in that little lamp for 2000 years.  If you had freed me after one thousand years, I would understand.  But two? Two thousand years is simply unacceptable.  I just can't let this slide. You have a choice:  You can give up your life or the lives of your friends. You have 10 seconds to make up your mind.  What will it be?|Вы чего это так долго? Я застрял в этой маленькой лампе на 2000 лет. Если бы вы освободили меня через тысячу лет, я бы понял. Но две? Две тысячи лет - это просто недопустимо. Я не могу закрыть на это глаза. У вас есть выбор: вы можете отдать свою жизнь или жизнь ваших друзей. У вас 10 секунд на принятие решения. Каким оно будет?
2128|1) I will sacrifice myself for my friends.{a}2) Whew!  I thought you were going to kill me!  Take my friends, of course.{a}3) Genie, I am your master!  I wish to be king of Xeen!|1) Я жертвую собой ради своих друзей.{a}2) Тю! Я думал, ты собирался убить меня! Конечно, забери моих друзей.{a}3) Джинн, я твой хозяин! Я хочу быть королём Ксина!
2129|Your throne awaits!|Твой трон ждёт!
2130||
2131|Die selfish scum!|Умри, эгоистичная мразь!
2132|+500,000 experience.|+500 000 опыта.
2133|====|====
2134||
2135||
2136||
2137||
2138||
2139||
2140|{3:l}{a}The World of Xeen on 30 gold a day{a}by {c:15}Eerie{c:d} the {c:15}Cartographer{c:d}{a}{a}Introduction:{a}{a}There is much to see in the World of {c:15}Xeen{c:d}. To give a complete description of all the wonders to be sampled in the eight corners of the world is beyond the scope of this work. In these {c:15}page{c:d}s I shall dispense a broad overview of the highlights that should be visited for a traveller to gain a working {c:15}knowledge{c:d} and appreciation of the magnificent land that is Xeen. {a}{a}This work is arranged as a simple description of my travels. a traveller wishing to follow in my footsteps should expect to spend around thirty {c:15}gold{c:d} pieces per day on living expenses. The traveller should be careful to arm himself well with {c:15}magic{c:d} weapons and some sort of emergency {c:15}teleportation{c:d} device. Xeen, while beautiful, can be deadly. {a}{a}My journey began on the Darkside in {c:15}Castleview{c:d} town. Armed with little more than a {c:15}Leprechaun{c:d} {c:15}flamberge{c:d} and an {c:15}orb{c:d} of {c:15}insect{c:d} repellent, I set out for the town of Necropolis to see for myself whether the legendary city of the undead truly existed or was merely a {c:15}fable.{c:d} The trip took me over the mountains that lie to the north of Castleview and through the forbidding central desert. My experience as a {c:15}mountaineer{c:d} and navigator saw me past these formidable obstacles. {a}{a}{c:15}Necropolis{c:d} was everything I had hoped it would be. The {c:15}undead{c:d} were everywhere--Zombies, {c:15}skeleton{c:d}s, a{c:15}mummy{c:d}, even a {c:15}vampire{c:d} visiting from Castle Blackfang! (I hear that Queen {c:15}Kalindra{c:d} was kidnapped by {c:15}Alamar{c:d} and turned over to the vampires of Blackfang) If the traveller is worried about hostility on the part of the undead, remember that they are people too! The undead are just as friendly as the living-- possibly more so. Simple politeness will prevent misunderstandings from becoming lethal encounters with the forces of Hell.{a}{a}After a brief but pleasant stay in Necropolis, I crossed the mountains north of the city by way of the {c:15}Griffin{c:d} Pass. Avoiding Castle Alamar and hugging the edge of the mountains, I headed east until I came to Lakeside town. A quaint vacation spot, Lakeside will refresh your spirit and {c:15}revitalize{c:d} your body. Though much of the population of Lakeside is involved in the witchcraft industry, have no {c:15}fear.{c:d} The witches only turn CHILDREN into {c:15}goblin{c:d}s. As long as you leave the kids behind, you'll have no problem at all with these charming and fun-loving ladies.{a}{a}I stayed in Lakeside for a few months before leaving. Before I left I purchased a riding {c:15}beast{c:d} to speed my journey. A lone road connects Lakeside to the rest of the civilized world, and I set off down that road to find Sandcaster.{a}{a}{c:15}Sandcaster{c:d} is a bustling city of commerce and trade. Though the townspeople are mostly humans, elves, gnomes, and dwarves, the city still has something to entertain the thrill-seeking traveler. {c:15}Sorceress{c:d}es and {c:15}wizard{c:d}s feed upon the helpless citizenry like fleas on a dog. {c:15}Criminal{c:d}s from all walks of life wander the streets with impunity, free to {c:15}use{c:d} {c:15}might{c:d} or spells to rob from the innocent. All in all a lively town, though lacking in the kind of high quality entertainment places like Necropolis and Lakeside can serve up.{a}{a}Quickly growing bored of the night life in Sandcaster, I once again set upon the road, this time travelling southeast in search of adventure. I found plenty.{a}{a}As I ventured into the dense forest near the southeast corner of the world, my riding beast disturbed a nest of snakes. {c:15}Startle{c:d}d, the beast reared up, dumping me from the saddle. I rose to my feet and seized the beast's {c:15}tether{c:d}, pulling its bloated face toward mine so that we could discuss its {c:15}error{c:d} man to beast. I never got the chance.{a}{a}My pain {c:15}spell{c:d} was barely on my lips when an arrow appeared in the side of the beast. The beast roared and wrenched the tether from my grasp. Two more arrows streaked from the forest and struck home. The beast {c:15}stumble{c:d}d a few steps and collapsed to the ground. I glanced wildly about me and saw {c:15}barbarian{c:d} {c:15}archer{c:d}s closing in on three sides. I dashed for the fourth. Branches and thorns tore at my clothes, scratched my skin, slowed my flight. The Barbarians gained. Just as it seemed I could run no further, I came upon a clearing with one of the many travel pyramids in the center of it. Hope flared in my breast once again and I redoubled my pace, reaching the pyramid as the Barbarians burst from the forest. I activated the pyramid with the last of my strength.{a}{a}The pyramid whisked me away from my pursuers in the blink of an eye and a sparkle of {c:15}energy{c:d}. I found myself in the snow covered hills near the town of {c:15}Winterkill{c:d}, a cursed and empty town of ghosts. Lonely {c:15}Darkstone{c:d} tower was barely visible to the east. Fearful that the Barbarians would soon find the courage to follow me through the Portal, I set my sights on the hills to the north and began the weary trek through the snow.{a}{a}Many miles later I happened upon a road. Knowing that the road would eventually take me to the town of Vertigo and civilization, I followed the road east. The road paralleled the hills, and led past one of the many 'dungeon' entrances scattered about Xeen. I must admit that curiosity got the better of me and I decided to explore this one dungeon. This was a mistake.{a}{a}The {c:15}dungeon{c:d} turned out to be the infamous Xeen {c:15}Arena{c:d}. I didn't figure it out until too late; the place was barren, except for a few piles of bones and a lone desk sitting in the center of a very large room. When I approached the desk, a large man appeared in the seat behind the desk and told me that since the place hadn't had any visitors in some while that he would just start the fight without further delay. Then he vanished.{a}{a}As quickly as he vanished, monsters appeared. There was a {c:15}gargoyle,{c:d} a giant {c:15}armadillo{c:d} (which looked a little like a member of the {c:15}swine{c:d} family because of its {c:15}snout{c:d}), a {c:15}pegasus{c:d}, a {c:15}Minotaur{c:d}, a giant {c:15}vulture{c:d}, a {c:15}Crusader{c:d}, a {c:15}sewer{c:d} {c:15}rat{c:d}, a {c:15}centipede{c:d}, and some sort of giant iguana. "Have at thee," cried the Crusader, lowering his lance and urging his horse foward. The rest of the monsters simply advanced without comment, implacably hostile.{a}{a}Needless to say, I bravely charged toward the exit, only to find it blocked. The monsters followed. I sprinted for the desk. "COWARD!" shouted the Crusader, leading the pack. The desk was empty and unresponsive. Cursing, I ran some more, ducking and weaving behind ancient walls and crumbling pillars. With some clever manuevering I lost the monsters in the maze and leaned against a pillar to catch my breath. I could hear the iguana dragging its corpulent body nearby. The rest seemed further away. Looking down at my feet, I discovered one of the many corpses that littered the floor of the arena. Clutched in its bony hand was a ring of the {c:15}elements{c:d} and a wand of fireballs.{a}{a}No sooner seen than stolen. The {c:15}iguana{c:d} rounded the corner and stopped, belly heaving as though it were going to be sick. It's mouth opened slowly, dramatically, and then it belched forth a stream of {c:15}acid{c:d}. I covered my face with my hands, expecting the worst. Instead, the acid lightly singed my hair and clothes. The ring had saved me!{a}{a}The {c:15}dragon{c:d} blinked slowly at me, suprised that I was still alive. Obviously not one of the brighter models. I leveled the wand and fired off a withering blast of heat and smoke. The monster staggered, but remained standing. It went through its 'sick' routine again, and covered me with more acid. I fired the wand again. It covered me with acid. I fired. It fired. I fired. Finally the dragon fell on its side and died.{a}{a}"I have found you at last!" shouted the Crusader from behind me. "Turn around and meet your fate like a man!"  I turned. The crusader was there, flanked on either side by the gargoyle and the minotaur. The rest of the monsters were right behind him. Seeing my chance, I fired into the horde again and again, emptying the wand. When the smoke cleared, nothing but a black spot on the arena floor remained of my enemies.{a}{a}"That wasn't so bad," I said aloud, dusting off my clothes and straightening my collar. I walked to the desk. As expected, the arena master appeared. "Congratulations on your awesome victory!" he gushed. "I'll send you to Vertigo, now!"  "Uh, don't I get a reward or something?" "No. Goodbye..."{a}{a}The next moment I was in Vertigo, with only a hazy heat {c:15}distortion{c:d} in the air to mark my sudden arrival. With the arena and my hasty arrival on the this side of the world becoming a bad memory, my journey was almost over. I knew that there was a travel pyramid just outside of town. First thing, though, was to get a hot meal and a room for the night. The tavern was right behind me, so I stepped inside and asked for the special of the day.{a}{a}{c:15}Octopus{c:d} soup with {c:15}arachnoid{c:d} garnish. Hmmm. Well, part of travelling is to try the local food, no matter how strange. The octopus was somewhat rubbery, and the arachnoid garnish tasted like chicken. Not bad, but both dishes could have used some more spice. After eating I checked into a room and had a good night's sleep.{a}{a}The next day I decided to explore Vertigo awhile before I returned home to Castleview. It turns out that Vertigo has all the amenities of civilization, including a town {c:15}mirror{c:d}. The blacksmith's shop has everything an adventurer could ask for. Everything from {c:15}accuracy{c:d} {c:15}trident{c:d}s to {c:15}venom{c:d} {c:15}crown{c:d}s. {c:15}Nova{c:d} {c:15}scepter{c:d}s were unavailable, though, and the blacksmith had never even heard of a {c:15}J.V.C.{c:d} {c:15}moat{c:d} maker.{a}{a}|{3:l}{a}Путешествие по Ксину за 30 золотых в день{a}от {c:15}Призрачного{c:d}{c:15} Картографа{c:d}{a}{a}Введение:{a}{a}Много есть что посмотреть в Мире {c:15}Ксина{c:d}. Предоставление полного описания всех чудес, собранных в восемь углов мира, выходит за рамки данной работы. На этих {c:15}страницах{c:d} я буду проводить общий обзор основных вещей, с которыми стоит ознакомиться путешественнику для того, чтобы получить практические {c:15}знания{c:d} и понимание великолепной земли - Ксина. {a}{a}Эта работа сделана как простое описание моих путешествий. Путешественник, желающий пойти по моим стопам, должен рассчитывать на трату около тридцати {c:15}золотых монет{c:d} в день на проживание. Путешественники должны быть осторожны и вооружиться {c:15}магическим{c:d} оружием и каким-нибудь {c:15}телепортационным{c:d} приспособлением. Ксин, хотя и красив, может быть смертельно опасным. {a}{a}Моё путешествие началось на Тёмной Стороне в {c:15}Каслвью{c:d}. Вооружённый даже больше, чем {c:15}Лепреконским{c:d} {c:15}фламбергом{c:d} и {c:15}Сферой{c:d} отпугивания {c:15}насекомых{c:d}, я отправился в город Некрополь, чтобы увидеть, существует ли легендарный Город Мёртвых в действительности, или это просто досужие {c:15}басни.{c:d} Направился к нему я через горы, что лежат к северу от замка Каслвью и дальше через неприступные области центральной пустыни. Мой опыт {c:15}альпиниста{c:d} и навигатора помог мне оставить позади эти грозные препятствия. {a}{a}{c:15}Некрополь{c:d} полностью оправдал мои ожидания.{c:15}Нежить{c:d} была повсюду - зомби, {c:15}скелет{c:d}ы, {c:15}мумии{c:d} и даже {c:15}вампиры{c:d} прибывшие из замка Черноклык! (Я слышал, что королева {c:15}Калиндра{c:d} была похищена {c:15}Аламаром{c:d} и обращена в вампира в Черноклыке) Если путешественник беспокоится о враждебности со стороны нежити - помните, что они тоже люди! Нежить - такие же дружелюбные создания, как и живые, скорее даже более. Простая вежливость позволит избежать недоразумений и предотвратить смертельную схватку с силами Ада.{a}{a}После короткого, но приятного отдыха в Некрополе я пересёк горы к северу от города по пути в {c:15}Грифоновый{c:d} проход. Избегая замка Аламар и прижимаясь к краю горы, я направился на восток, пока не пришёл к городу Лэйксайд. Причудливое место для отдыха, Лэйксайд освежит ваш дух и {C:15}оживит{c:d} ваше тело. Хотя большая часть населения Лэйксайд вовлечено в колдовскую индустрию, это не вызывает {c:15}страха.{c:d} Ведьмы лишь превращают ДЕТЕЙ в {c:15}гоблин{c:d}ов. Как только вы оставите детей позади, то не будете иметь вообще никаких проблем с этими очаровательными и весёлыми дамами.{a}{a}Я остановился в Лэйксайде на несколько месяцев. Перед отъездом я купил ездовую {c:15}зверюгу{c:d}, чтобы ускорить моё путешествие. Одинокая дорога соединяет Лэйксайд с остальным цивилизованным миром, и я отправился вниз по этой дороге, чтобы отыскать Сэндкастер.{a}{a}{c:15}Сэндкастер{c:d} - это шумный город коммерции и торговли. Хотя горожане, в основном, люди, эльфы, гномы и карлики, этот город по-прежнему может неплохо развлечь ищущего острых ощущений путешественника. {c:15}Волшебниц{c:d}ы и {c:15}волшебник{c:d}и кормятся на беззащитных гражданах, как блохи на собаке. {c:15}Уголовник{c:d}и всех мастей бродят по улицам безнаказанно и свободно {c:15}применяют{c:d} {c:15}силу{c:d} или заклинания, чтобы грабить беззащитных. В целом это довольно оживлённый город, хотя в нём и не хватает качественных развлекательных мест, как в Некрополе и Лэйксайде.{a}{a}Быстро пересытившись ночной жизнью Сэндкастера, я вновь вышел на дорогу и двинулся на юго-восток в поисках приключений. И они не заставили себя долго ждать.{a}{a}Когда я зашёл в густой лес недалеко от Юго-Восточного края мира, мой ездовой зверь потревожил змеиное гнездо. {c:15}Испуг{c:d}авшись, зверь поднялся на дыбы и сбросил меня с седла. Я вскочил на ноги и схватил зверя под{c:15}уздцы{c:d}, подтянув его закопчённую физиономию к моей так, что мы могли бы обсудить {c:15}недопонимания{c:d} человека и зверя. И я упустил свой шанс.{a}{a}Моё болевое{c:15}заклинание{c:d} было уже почти готово сорваться с губ, когда в круп моего зверя внезапно воткнулась стрела. Зверь взревел и вырвал узду из моей руки. Ещё две полосатые стрелы промелькнули со стороны леса. Зверь {c:15}споткнулся{c:d}, прошёл несколько шагов и рухнул на землю. Суматошно оглянувшись по сторонам, я увидел, как {c:15}аборигены{c:d}- {c:15}лучник{c:d}и приближаются с трёх сторон. Я помчался в сторону четвёртой. Ветки и колючки рвали мою одежду, царапали кожу, замедлили мой стремительный бег. Варвары не отставали. Когда, кажется, я уже не мог больше бежать, я выбежал на поляну с одной из многочисленных путевых пирамид по центру. Надежда вспыхнула в моей груди ещё раз и я удвоил свои обороты, достигнув пирамиды в тот момент, когда варвары показались на краю леса. На исходе последних сил я активировал пирамиду.{a}{a}Пирамида отсекла меня от моих преследователей в мгновение ока, затем сверкнул разряд {c:15}энергии{c:d}. После чего я обнаружил себя в покрытых снегом холмах недалеко от города {c:15}Винтеркилл{c:d}, проклятого и заброшенного города призраков. Одинокая Башня {c:15}Тёмного камня{c:d} была едва видна на востоке. Опасаясь, что варвары найдут в себе мужество последовать за мной в портал, я обратил свой взор на холмы к северу и начал устало двигаться сквозь снег.{a}{a}Много миль спустя я наткнулся на дорогу. Зная, что дорога в конце концов приведёт меня в город Вертиго и цивилизации, я пошёл по дороге на восток. Дорога была проложена параллельно холмам и проходила мимо одного из многих входов в "подземелья", разбросанных по всему Ксину. Должен признаться, что любопытство взяло надо мной верх и я решил изучить это подземелье. Это было ошибкой.{a}{a}Это {c:15}подземелье{c:d} оказалось печально известной {c:15}Ареной{c:d} Ксина. Я не понимал это до тех пор, пока не стало поздно; место было пустынным, если не считать нескольких куч костей, и одинокий стол стоял по центру очень большого помещения. Когда я подошёл к столу, большой человек появился в кресле за столом и сказал мне, что, поскольку в этом месте давно не было посетителей, сражение начнётся немедленно. Затем он исчез.{a}{a}Также быстро, как исчез он, появились монстры. Там были {c:15}горгулья,{c:d} гигантский {c:15}броненосец{c:d} (который выглядел скорее как представитель {c:15}свиного{c:d} семейства, поскольку имел свинообразное {c:15}рыло{c:d}), {c:15}Пегас{c:d},{c:15}Минотавр{c:d}, гигантский {c:15}гриф{c:d}, {c:15}крестоносец{c:d}, {c:15}канализационная{c:d} {c:15}крыса{c:d},  {c:15}сороконожка{c:d} и какая-то огромная игуана. "Иду на вы!", - крикнул крестоносец, опуская своё копье и пуская своего коня вперёд вскачь. Остальные монстры просто молча и враждебно бросились вперёд.{a}{a}Разумеется, я храбро направился в сторону выхода, только для того, чтобы обнаружить его заблокированным. Монстры последовали за мной. Я припустил к столу. "ТРУС!" - крикнул крестоносец, приближаясь во главе этой разношёрстной команды. Стол был пуст и безжизненен. Чертыхаясь, я побежал дальше, лавируя между древних стен и рушащихся колонн. Умело маневрируя, я оторвался от монстров в лабиринте и прислонился к колонне, чтобы отдышаться. Я мог слышать игуану, которая где-то рядом ворочала своё тучное тело. Остальные, казалось, были дальше. Посмотрев вниз на свои ноги, я обнаружил один из многочисленных трупов, валяющихся на полу арены. В его костлявой руке было кольцо {c:15}элементалей{c} и жезл огненных шаров.{a}{a}Не долгое время прошло от находки до стаскивания. {c:15}Игуана{c:d} обогнула угол и остановилась, живот её вздымался, как будто её мучило несварение. Её рот медленно открылся, театрально, и затем изрыгнул вперёд поток {c:15}кислоты{c}. Я закрыл лицо руками, ожидая худшего. Кислота лишь слегка задела мои волосы и одежду. Кольцо спасло меня! !{a}{a} {c:15}Дракон{c:d} посмотрел на меня и медленно моргнул, удивляясь, что я ещё жив. Очевидно, не самый смышлёный представитель. Я прицелился жезлом и выстрелил испепеляющим лучом огня и дыма. Монстр покачнулся, но остался стоять. Он, наверно, воспринял это как лёгкое недомогание и снова рыгнул в меня кислотой. И снова я использовал огненный жезл. Он снова покрыл меня кислотой. И снова я выстрелил. И снова. И снова. Наконец, дракон упал на бок и издох.{a}{a}"Наконец-то я отыскал тебя!" – крикнул крестоносец откуда-то из-за спины. "Повернись и встреть свою судьбу как мужчина!" И я повернулся. Крестоносец был там, рядом с горгульей и минотавром. Остальные монстры прямо располагались прямо за ним. Видя мой шанс, я палил в эту орду раз за разом, опустошая посох. Когда дым рассеялся, на полу арены от моих врагов осталось большое чёрное пятно.{a}{a}"Неплохо!" - сказал я вслух, отряхивая одежду и оправляя воротничок. Затем подошёл к столу. Как и ожидалось, появился хозяин арены. "Поздравляю вас с удивительной победой!" - ораторствовал он. "Я отправлю вас в Вертиго прямо сейчас!" "Ммм, а не мог бы я получить награду или что-нибудь в этом роде?" "Никак нет. Прощайте..."{a}{a}В следующий момент я оказался в Вертиго, и только тепловое{c:15}искажение{c} воздуха отмечало моё внезапное прибытие. Из-за приключений на арене и сего стремительного путешествия память моя немного пострадала, а путешествие было почти закончено. Я знал, что недалеко от города располагается пирамида. Первым делом, однако, мне хотелось горячей еды и комнату на ночь. И поскольку таверна была прямо за мной, я шагнул внутрь и спросил о текущем "блюде дня".{a}{a}{c:15}Осьминожий{c:d} суп с {c:15}паучьим{c:d} гарниром. Хммм. Попутешествовать и не попробовать местную еду было бы странно. Осьминог был весьма нежен, а гарнир из паука на вкус как курица. Не плохо, но в обоих блюдах могло бы быть побольше специй. После еды я проверил в комнату и замечательно поспал. {a} {a} На следующий день я решил поисследовать Вертиго какое-то время, прежде чем возвращаться домой в Каслвью. Оказывается, что в Вертиго есть все удобства цивилизации, в том числе городское {c: 15}зеркало{c:d}. В магазине кузнеца есть всё, о чём может  попросить авантюрист. Всё, начиная от {c:15}точного{c:d} {c:15}трезубца{c:d} до {c:15}ядовитой{c:d} {c:15}короны{c:d}. Однако {c:15}Нова{c: d}-{c:15}скипетр{c:d}ы были недоступны, а также кузнец никогда не слышал о {c:15}J.V.C.{c:d} {c:15}копателе{c:d}.{a}{a}
2141||
2142||
2143||
2144||
2145||
2146||
2147||
2148||
2149||
2150||
2151||
2152||
2153||
2154||
2155||
2156||
2157||
2158||
2159||
2160||
2161||
2162||
2163||
2164||
2165||
2166||
2167||
2168||
2169||
2170||
2171||
2172||
2173||
2174||
2175||
2176||
2177||
2178||
2179||
2180||
2181||
2182||
2183||
2184||
2185||
2186||
2187||
2188||
2189||
2190||
2191||
2192||
2193||
2194||
2195||
2196||
2197||
2198||
2199||
2200||
2201||
2202||
2203||
2204||
2205||
2206||
2207||
2208||
2209||
2210||
2211||
2212||
2213||
2214||
2215||
2216||
2217||
2218||
2219||
2220||
2221||
2222||
2223||
2224||
2225||
2226||
2227||
2228||
2229||
2230||
2231||
2232||
2233||
2234||
2235||
2236||
2237||
2238||
2239||
2240||
2241||
2242||
2243||
2244||
2245||
2246||
2247||
2248||
2249||
2250||
2251||
2252||
2253||
2254||
2255||
2256||
2257||
2258||
2259||
2260||
2261||
2262||
2263||
2264||
2265||
2266||
2267||
2268||
2269||
2270||
2271||
2272||
2273||
2274||
2275||
2276||
2277||
2278||
2279||
2280||
2281||
2282||
2283||
2284||
2285||
2286||
2287||
2288||
2289||
2290||
2291||
2292||
2293||
2294||
2295||
2296||
2297||
2298||
2299||
2300||
2301||
2302||
2303||
2304||
2305||
2306||
2307||
2308||
2309||
2310||
2311||
2312||
2313||
2314||
2315||
2316||
2317||
2318||
2319||
2320||
2321||
2322||
2323||
2324|The Guild, however, was virtually barren of spells. They didn't even have the {c:15}clairvoyance{c:d} and cure {c:15}disease{c:d} spells, let alone heavy hitters like {c:15}resurrection{c:d} and starburst. They seemed to mostly carry the simple spells that {c:15}Ranger{c:d}s and {c:15}Druid{c:d}s used. The proprietor, an {c:15}agile{c:d} {c:15}prestidigitator{c:d} in his mid thirties, told me that the nearest known version of the clairvoyance spell was in the witch's tower far to the south, where the horn of {c:15}Falista{c:d} the unicorn was kept.{a}Well, rescuing some unicorn's horn sounded both dangerous and unprofitable. The {c:15}seer{c:d} within me told me that further adventures would give me a {c:15}severe{c:d} case of death, and that I should change my vocation to {c:15}fisherman{c:d}, or {c:15}alligator{c:d} wrestler. My decision had been made. I left the town and used the pyramid to return to Castleview. This travel guide is complete, but there is one more piece of advice I leave you to ponder:  When the {c:15}sphinx{c:d} has you baffled, and {c:15}Corak{c:d} remains a {c:15}prisoner{c:d}, {c:15}Tito{c:d} {c:15}Therewolf{c:d}, smile, and all will be forgiven.{a}{a}THE END|В Гильдии, однако, почти не было заклинаний. Они даже не имели{c:15}ясновидения{c:d} и лечения {c:15}болезни{c:d}, не говоря уже о таких тяжёлых боевых заклинаниях, как {c:15}воскрешения{c:d} и звездопада. Казалось, у них только простые заклинания, что используют {c:15}рейнджер{c:d}ы и {C:15}друид{c:d}ы. Хозяин, {c:15}проворный{c} {c:15}фокусник{c:15} в середине третьего десятка, рассказывал, что ближайшее отсюда заклинание ясновидения было в башне ведьм далеко на юге, где хранился рог единорога{c:15}Falista{c:d}.{a}Хмм, кампания по вызволению рога единорога - звучало как опасно, так и невыгодно. {c:15}Провидец{c} внутри меня сказал, что дальнейшие приключения были чреваты если только {c:15}мучительной{c:d} смертью, и что я должен изменить моё призвание на {c:15}рыболова{c}, или борца с {c:15}Аллигатор{c:d}ами. Решение было принято. Я покинул город и использовал пирамиду, чтобы вернуться в Каслвью. Этот путеводитель завершён, но есть ещё один совет, который я оставляю вам для размышления: когда {c:15}сфинкс{c:d} сбивает вас с толку и {C:15}Корак{c:d} остаётся {c:15}заключённым{c}, {c:15}Тито{c:d}{c:15}Выворотень{c:d} улыбается, и все будут прощены.{a}{a}КОНЕЦ
2325|====|====
2326||
2327|Eat at{a}Joe's|Поесть у {a}Джо
2328|Sky Bandits|Небесные Бандиты
2329|Many apologies, good folks, but this is a robbery.  I'm afraid we are going to have to ask you for 10,000 gold.|Тысяча извинений, добрые люди, - но это ограбление. Боюсь, нам придётся попросить с вас 10,000 золота.
2330|1) Oh, my.  Well, here you are.  We wouldn't want to start a fight, or anything.{a}2) Terribly sorry, but we must respectfully decline to pay. Prepare to fight.|1) О. Хорошо, вот деньги. Мы бы не хотели начать драку, или что-нибудь подобное.{a}2) Очень жаль, но мы отказываемся платить. Готовьтесь к битве.
2331|====|====
2332||
2333|Speeding??|Помчаться??
2334|Sky Bandits|Небесные Бандиты
2335|We are now accepting donations for the feed the skybandits fund.  10,000 gold is the minimum donation.|Сейчас мы принимаем пожертвования на содержание фонда Небесных Бандитов. 10 000 золота - это минимальный размер пожертвования.
2336|1) Sounds like a worthy cause.  Here you are.{a}2) We gave at the office.  Now get out of our way.|1) Звучит как достойное дело. Вот деньги.{a}2) Мы уже подали в офисе. А теперь убирайтесь с нашего пути.
2337|Descend to the North Tower?|Спуститься к Северной Башне?
2338|====|====
2339||
2340|Enter the Pyramid?|Войти в Пирамиду?
2341|====|====
2342||
2343|Bottle|Бутылка
2344|A Message in the bottle reads:  {a}Evil Genies NEVER let their victims off the hook--they will always kill someone.|Послание в бутылке гласит: {a}Злые духи никогда не дают своим жертвам соскочить с крючка - в любом случае кого-нибудь убьют.
2345|A Message in the bottle reads:  {a}The test of the elements is merely difficult, not impossible.|Послание в бутылке гласит: {a}испытание элементов всего лишь сложно. Но не невозможно.
2346|====|====
2347||
2348|Descend into the South Tower?|Спуститься в Южную Башню?
2349|Sky Bandits|Небесные Бандиты
2350|THISISASTICKUP!  GIDDOWNONTHEGROUND!  WE WANT 10,000 GOLD, NOW!!!|ЭТООГРАБЛЕНИЕ! ВСЕНАЗЕМЛЮ! МЫ ТРЕБУЕМ 10 000 ЗОЛОТА, СЕЙЧАС ЖЕ!!!
2351|1) Here, here, take it!{a}2) Make my day.|1) Хорошо, хорошо, возьмите!{a}2) Порадуй меня.
2352|Merchant{a}{9:125}of the Elements|Торговец{a}{9:125}Стихиями
2353|Between Fire and Water I constantly travel {a}A simple clue to unravel|Меж Огнём и Водой путешествую я {a}Простой ключ к разгадке для тебя
2354|What's my cargo?|Что у меня за груз?
2355|steam|Пар
2356|Wrong.|Неверно.
2357|Correct.  +250,000 experience.|Верно. +250 000 опыта.
2358|You know my cargo is Steam.  Please be on your way.|Вы знаете, что мой груз - это Пар. Пожалуйста, идите своей дорогой.
2359|====|====
2360||
2361|Rest Stop|Привал
2362|Sky Bandits|Небесные Бандиты
2363|No one has ever passed without paying us 10,000 gold!  You will pay us, too.|Никто ещё не проходил, не заплатив нам 10 000 золота! Вы тоже будете платить.
2364|1) Really?  Ok, here's your 10,000 gold.{a}2) There's always a first time.|1)В самом деле? Хорошо, вот ваши 10 000 золота.{a}2)Правда? Ну, всё когда-нибудь случается в первый раз.
2365||
2366||
2367||
2368||
2369||
2370||
2371||
2372|Lamp|Лампа
2373|Genie{a}{9:125}of the Lamp|Джин{a}{9:125}из лампы
2374|Thank you for releasing me.  I like you, and I will grant you one wish. choose one:|Спасибо Вам за то, что освободили меня. Вы мне нравитесь и я дарую вам исполнение одного желания. Выберите один ответ:
2375|1) 2 million experience{a}2) 200,000 gold{a}3) 2,000 gems|1) 2 млн. опыта{a}2) 200 000 золота{a}3) 2 000 самоцветов
2376|====|====
2377||
2378||
2379||
2380||
2381||
2382||
2383||
2384||
2385||
2386||
2387||
2388||
2389|Lamp|Лампа
2390|Genie{a}{9:125}of the Lamp|Джин{a}{9:125}из лампы
2391|Congratulations!  You have won a free wish!  What would you like to use in on?|Поздравляем! Вы выиграли бесплатное желание! Какое хотите выбрать?
2392|1) 2 million experience{a}2) 200,000 gold{a}3) 2,000 gems|1) 2 млн. опыта{a}2) 200 000 золота{a}3) 2 000 самоцветов
2393|====|====
2394||
2395|Sky Lake|Небесное Озеро
2396|Bottle|Бутылка
2397|A note in the bottle reads:  {a}Help!  I'm stranded on an air island in A2 at 12,14.|Записка в бутылке гласит: {a}Помогите! Я застрял на воздушном острове в А2 на 12,14.
2398|A note in the bottle reads:  {a}Help!  I'm stranded on an air island in C3 at 7,0.|Записка в бутылке гласит: {a}Помогите! Я застрял на воздушном острове в C3 на 7,0.
2399|Rahib{a}{9:125}the Scarab Merchant|Рахиб{a}{9:125}Торговец Скарабеями
2400|I have the best possible Fire scarab available, just 300 gems.  Would you like to purchase it?|У меня есть в наличии наилучший огненный скарабей , всего за 300 самоцветов. Хотели бы вы его приобрести?
2401|Wardoz{a}{9:125}the Blue|Вардоз{a}{9:125}Синий
2402|What would you pay for a powerful scarab that will protect you from electricity?  100 gems?  200?  Nay, you are a customer of fine, discerning taste.  For you, 300 gems!  A customer of your quality would never pay less!|Сколько бы вы заплатили за мощного скарабея, который будет защищать вас от электричества? 100 камней? 200? Нет, вы клиент с прекрасным, взыскательным вкусом. Для вас - 300 самоцветов! Клиент вашего уровня не станет платить меньше!
2403|Clara{a}{9:125}the Cold|Клара{a}{9:125}Холодная
2404|I sell scarabs that protect against cold.  Buy it for 300 gems or begone.|Я продаю скарабеев, которые защищают от холода. Покупайте его за 300 самоцветов или проваливайте.
2405|Dorion{a}{9:125}the Energy Merchant|Дорион{a}{9:125}торговец энергиями
2406|Will you buy my Kinetic Scarab for 600 gems?  Guaranteed...|Будете покупать Кинетического Скарабея за 600 самоцветов? С гарантией...
2407|====|====
2408||
2409|Rest Stop|Привал
2410|Sky Bandits|Небесные Бандиты
2411|This is a robbery.  Everyone stay calm and no one will get hurt.  We require 10,000 gold to bring this matter to a peaceful close.|Это ограбление. Сохраняйте спокойствие и никто не пострадает. Нам нужно 10 000 золота, чтобы решить дело без насилия.
2412|1) All, right.  Here is 10,000 gold.{a}2) The only thing you will get from us is a taste of our cold steel, you thieving scum!|1) Хорошо. Вот 10 000 золота.{a}2) Единственное, что вы получите от нас - это вкус нашей холодной стали, мрази!
2413|====|====
2414||
2415|Air Zone|Зона Воздуха
2416|Speeding???|Помчаться???
2417|Sky Bandits|Небесные бандиты
2418|You have invaded our territory.  Appease us with 10,000 gold or face our wrath!|Вы вторглись на нашу территорию. Ублажите нас 10 000 золота или предстаньте пред лицом нашего гнева!
2419|1) Oh my!  We didn't know.  Don't be angry!  Please, Take our money.{a}2) Yes, we are invaders!  Bow down before us and beg for mercy!|1) Боже мой! Мы не знали. Не сердитесь! Пожалуйста, возьмите наши деньги.{a}2) Да, мы захватчики! Склонитесь пред нами и просите пощады!
2420|Descend to Castle Blackfang?|Спуститься в Замок Черноклык?
2421|What do you seek?|Что вы ищете?
2422|Air|Воздух
2423|Begone impudent fools!|Прочь, самонадеянные глупцы!
2424|Lamp|Лампа
2425|Genie{a}{9:125}of the Lamp|Джин{a}{9:125}из лампы
2426|So...more greedy mortals seeking a free wish.  I'll give you one.  Choose from one of the following wishes:|Так... Ещё несколько алчных смертных, ищущих бесплатное исполнение желаний. Я дам вам одно. Выберите одно из следующих пожеланий:
2427|1) I wish to die.{a}2) I wish for my friends to die.{a}3) I wish I had never rubbed this lamp.|1) Я хочу умереть.{a}2) я хочу, чтобы мои друзья умерли.{a}3) Я желаю, чтобы я никогда не потёр эту лампу.
2428|Hmmm.  Granting that one would create a paradox.  I had better just kill you all.|Хммм... Мне кажется, это парадокс. Тогда я лучше убью вас всех.
2429||
2430|Die selfish scum!|Умри, эгоистичная мразь!
2431|+500,000 experience.|+500 000 опыта.
2432|====|====
2433||
2434|Merchant{a}{9:125}of the Elements|Торговец{a}{9:125}Стихиями
2435|Between Water and Earth I constantly travel {a}A simple clue to unravel|Меж Водой и Землёй путешествую я {a}Простой ключ к разгадке для тебя
2436|What's my cargo?|Что у меня за груз?
2437|mud|Грязь
2438|Wrong.|Неверно.
2439|Correct! +250,000 experience.|Верно! +250 000 опыта.
2440|You know my cargo is Mud.  Please be on your way.|Вы знаете, что мой груз - это Грязь. Пожалуйста, идите своей дорогой.
2441|Sky Bandits|Небесные Бандиты
2442|You are being robbed.  Pay us 10,000 gold, or die.|Вас грабят. Заплатите нам 10 000 золота - или умрите.
2443|1) We will pay.{a}2) We will fight.|1)Мы заплатим.{a}2)Мы будем драться.
2444|Lamp|Лампа
2445|Genie{a}{9:125}of the Lamp|Джин{a}{9:125}из лампы
2446|Thank you for letting me out of there.  I had been in there so long I was about to go amok.  What can I do for you?|Спасибо, что позволили мне выйти оттуда. Я был там так долго, что собирался буйствовать. Что я могу сделать для вас?
2447|1) 2 million experience{a}2) 200,000 gold{a}3) 2,000 gems|1) 2 млн. опыта{a}2) 200 000 золота{a}3) 2 000 самоцветов
2448|====|====
2449||
2450|Speeding??|Помчаться??
2451|Sky Bandits|Небесные Бандиты
2452|Stand and Deliver!  10,000 gold wins you your lives!|Кошелёк или жизнь! 10 000 золота позволят сберечь ваши жизни!
2453|1) A fair deal, good sir.  Here is your gold.{a}2) We will never surrender our gold!  Arm thyself, varlet!|1) Честная сделка, милостивый сэр. Вот ваше золото.{a}2) Мы никогда не сдадим наше золото! Защищайся, негодяй!
2454|Descend to the East Tower?|Спуститься к Восточной Башне?
2455|====|====
2456||
2457|Earth Zone|Зона Земли
2458|Sky Bandits|Небесные Бандиты
2459|Pardon me, folks, but do you think you could spare 10,000 gold for some skywaymen down on their luck?|Пардон, ребята,  но не думаете ли вы поделиться 10 000 золота с некоторыми небесностранниками, разругавшимися сегодня со своей удачей?
2460|1) Why sure.  Don't spend it all in one place.{a}2) The only thing we will give the likes of you is the business end of our swords!|1) Почему нет? Не тратьте всё сразу.{a}2) Единственное, что мы дадим вам - острия наших мечей!
2461|Speeding??|Помчаться??
2462|What do you seek?|Что вы ищете?
2463|Earth|Земля
2464|Begone impudent fools!|Прочь, самонадеянные глупцы!
2465|Far Point{a}Launch|Far Point{a}Launch
2466|Lucky{a}{9:125}Boatman of the Lake|Счастливчик{9:125}Лодочник Озера
2467|I cannot allow you to ride in a vehicle of the Gods.|Я не могу позволить вам использовать корабль Богов.
2468|May I offer you a free ride across the sky?|Могу ли я предложить вам бесплатный проезд по небу?
2469|====|====
2470||
2471|Exit Darkstone Tower?|Выйти из Башни Тёмного камня?
2472|Gong|Гонг
2473|A voice booms: "No Sound No Ground!"|Голос гремит: "Нет Звука Нет Земли!"
2474|A plaque reads: NWDA---Y-HNA|A plaque reads: NWDA---Y-HNA
2475|A plaque reads: EO-NYFPIMTDG|A plaque reads: EO-NYFPIMTDG
2476|A plaque reads: WRTKOOLNI--I|A plaque reads: WRTKOOLNI--I
2477|A plaque reads: -LHSURAGGAMC|A plaque reads: -LHSURAGGAMC
2478|====|====
2479||
2480||
2481|Gong|Гонг
2482|A voice booms: "No Sound No Ground!"|Голос гремит: "Нет Звука Нет Земли!"
2483|A plaque reads: SNTS-CKDEM|A plaque reads: SNTS-CKDEM
2484|A plaque reads: ODHAOO--L!|A plaque reads: ODHAOO--L!
2485|A plaque reads: -SEGFRAST-|A plaque reads: -SEGFRAST-
2486|A plaque reads: E--A-ANHE-|A plaque reads: E--A-ANHE-
2487|====|====
2488||
2489||
2490|Gong|Гонг
2491|A voice booms: "No Sound No Ground!"|Голос гремит: "Нет Звука Нет Земли!"
2492|A plaque reads: 1-ITN-HNA-A|A plaque reads: 1-ITN-HNA-A
2493|A plaque reads: 9BNHEMTDGS!|A plaque reads: 9BNHEMTDGS!
2494|A plaque reads: 9ESEXI--IA-|A plaque reads: 9ESEXI--IA-
2495|A plaque reads: 4G--TGAMCG-|A plaque reads: 4G--TGAMCG-
2496|====|====
2497||
2498|A force repels you.|Сила отталкивает тебя.
2499|Gong|Гонг
2500|A voice booms: "No Sound No Ground!"|Голос гремит: "Нет Звука Нет Земли!"
2501|Head 13 speaks: T-MEOE-FENN-TEAO|Head 13 speaks: T-MEOE-FENN-TEAO
2502|Head 14 speaks: Y"PRNV4--G-DHE-N|Head 14 speaks: Y"PRNV4--G-DHE-N
2503|Head 15 speaks: PCU"-E-TDEOE--S!|Head 15 speaks: PCU"-E-TDEOE--S!
2504|Head 16 speaks: EOT-LLOHUOFASYO-|Head 16 speaks: EOT-LLOHUOFASYO-
2505|An invisble seal prevents passage.|Невидимая печать преграждает проход.
2506|The seal has been broken.|Печать была сломана.
2507|The skull speaks:{a}"Level 1 + Level 2 + Level 3 = 9"{a}"And E = the number of gongs."|Череп говорит:{a}"Уровень 1 + Уровень 2 + Уровень 3 = 9"{a}"И Е = количество гонгов".
2508|The skull speaks:{a}"To get your prize answer my riddle."{a}"Look at the center of each level and solve the following:"{a}"(Level 1) X (Level 2) X (Level 3) X (Level 4) = "|Череп говорит:{a}"Чтобы получить приз, решите мою загадку".{a}"Смотрите в центр каждого уровня и решайте следующее:"{a}"(уровень 1) х (уровень 2) х (уровень 3) х (уровень 4) = "
2509|Answer?|Ответ?
2510|120|120
2511|Wrong!|Неверно!
2512|Correct!|Верно!
2513|The skull is silent.|Череп молчит.
2514|====|====
2515||
2516|Alister{a}{9:125}the Druid|Элистер{a}{9:125}Друид
2517|Ah, brave adventurers, perhaps you can help me.  I need a dragon egg to mix into one of my potions, but I'm not brave enough to go further into the tower to steal one.  If you bring me one I will reward you.|Ах, отважные искатели приключений, возможно, вы сможете мне помочь. Мне нужно смешать яйцо дракона с одним из моих зелий, но я недостаточно храбр, чтобы идти дальше в башню для того, чтобы выкрасть его. Если вы принесёте мне одно - я вознагражу вас.
2518|Well, I can see you weren't brave enough to steal an egg, either.  Well, don't worry, perhaps some adventurers with some REAL courage will come along soon.|Я вижу, что вы не были достаточно храбры для того, чтобы украсть яйцо. Ну, не волнуйтесь. Возможно какие-то авантюристы с реальной смелостью скоро помогут мне.
2519|You are truly courageous! +1,000,000 experience. Thank you soooo much. Now I'll just drink this egg potion and...|Вы действительно мужественны! + 1,000,000 опыта. Спасибо огроооомное. Сейчас я просто выпью это яичное зелье и...
2520|Exit Dragon Tower?|Выйти из Башни драконов?
2521|====|====
2522||
2523|Bed|Кровать
2524|Nothing here.|Здесь ничего нет.
2525|Bones|Кости
2526|You find a note amongst the bones that was part of this dead adventurer's diary.  It reads:  {a}I don't trust that druid guy.  He seemed too eager to get his hands on a dragon egg, and he sure didn't look like he had no 10,000,000 gold pieces!|Вы нашли записку среди костей, которая была частью дневника этого мёртвого авантюриста. Она гласит: {a}Я не верю этому друидскому парню. Он кажется слишком стремящимся заполучить яйцо дракона, и по его виду совсем не скажешь, что у него есть 10,000,000 золотых!
2527|You find a note amongst the bones that was part of this dead adventurer's diary.  It reads:  {a}I think the secret of the dragon has something to do with forever, or really, really big...|Вы нашли записку среди костей, которая была частью дневника этого мёртвого авантюриста. Она гласит: {a}Я думаю, что секрет дракона как-то связан с вечностью, или чем-то очень, очень большим...
2528|Treasure|Сокровище
2529|====|====
2530||
2531|Bed|Кровать
2532|Nothing here.|Здесь ничего нет.
2533|Potion|Зелье
2534|+40 end. perm|+40 выносливости навсегда
2535|Bones|Кости
2536|A note amongst the bones reads:  {a}You have to be pretty smart to survive a look in one of the crystal balls on the Dragon Cloud.|Записка среди костей гласит: {a}Вы должны быть достаточно умны, чтобы выжить, заглянув в один из хрустальных шаров на облаке Дракона.
2537|A note amongst the bones reads:  {a}The eye of the Dragon holds the Silver Key Card.|Записка среди костей гласит: {a}Глаз Дракона хранит Серебряную Ключ-карту.
2538|Treasure|Сокровище
2539|====|====
2540||
2541|Nothing here.|Здесь ничего нет.
2542|Bed|Кровать
2543|Tome of Great Experience|Том Превеликого Опыта
2544|+10,000,000 exp|+10 000 000 опыта
2545|You learn nothing new from the Tome|Вам нечего изучать в этом Томе
2546|Chest|Сундук
2547|====|====
2548||
2549|Exit this Dungeon of Death?|Выйти из Подземелья Смерти?
2550|Sorry, the crossword puzzle is not done yet.  You may not descend!|Извините, кроссворд-паззл всё ещё не решён. Вы не можете спуститься!
2551|You may pass.  For completing the puzzle here is your reward. +5 Level Perm|Вы можете пройти. Вот ваша награда за решение головоломки. +5 уровней постоянно
2552|Crossword{a}Puzzle|Кроссворд{a}загадка
2553|Statue|Статуя
2554||
2555|Scroll|Свиток
2556|Wrong!|Неверно!
2557|Correct!|Верно!
2558|A Scroll reads:|Свиток гласит:
2559|Scepter|Скипетр
2560|1 Across: King's Staff{a}Answer?:|1 По горизонтали: Посох Короля{a}Ответ?:
2561|Teleportation|Телепортация
2562|2 Across: Spell of Transportation Answer?:|2 По горизонтали: Заклинание переноса{a}Ответ?:
2563|Distortion|Искажение
2564|3 Across: Movement Spell; Time ---------- Answer?:|3 По горизонтали: Заклинание движения: временное ...{a}Ответ?:
2565|Leprechaun|Лепрекон
2566|4 Across: Little Green Imp{a}Answer?:|4 По горизонтали: Маленький зелёный чертёнок{a}Ответ?:
2567|Vampire|Вампир
2568|5 Across: Count Blackfang{a}Answer?:|5 По горизонтали: Граф Блекфэнга{a}Ответ?:
2569|Kalindra|Калиндра
2570|6 Across: Imprisoned Queen{a}Answer?:|6 По горизонтали: Королева в заточении{a}Ответ?:
2571|Magic|Магия
2572|7 Across: Sorcery{a}Answer?:|7 По горизонтали: Волшебство{a}Ответ?:
2573|Nova|Звезда
2574|8 Across: Star{a}Answer?:|8 По горизонтали: Нова{a}Ответ?:
2575|Revitalize|Ревитализация
2576|9 Across: Spell to overcome weakness Answer?:|9 По горизонтали: Заклинание для преодоления слабости{a}Ответ?:
2577|Seer|Пророк
2578|10 Across: Prophet{a}Answer?:|10 По горизонтали: Ясновидец{a}Ответ?:
2579|Iguana|Игуана
2580|11 Across: Desert lizard{a}Answer?:|11 по горизонтали: Пустынная ящерица{a}Ответ?:
2581|Error|Ошибка
2582|12 Across: Mistake{a}Answer?:|12 По горизонтали: Заблуждение{a}Ответ?:
2583|Corak|Корак
2584|13 Across: Freed from spaceship{a}Answer?:|13 по горизонтали: Освободившийся из космолёта{a}Ответ?:
2585|Acid|Кислота
2586|14 Across: Corrosive liquid{a}Answer?:|14 по горизонтали: Едкая жидкость{a}Ответ?:
2587|Arena|Арена
2588|15 Across: Fighting Ring{a}Answer?:|15 По горизонтали: Ринг для драк{a}Ответ?:
2589|Archer|Лучник
2590|16 Across: Bowman{a}Answer?:|16 по горизонтали: Стрелок из лука{a}Ответ?:
2591|Tito|Тито
2592|17 Across: Lost the Holy Book of Elvenkind Answer?:|17 По горизонтали: Утерянная Священная Книга Элвенкинда{a}Ответ?:
2593|Sorceress|Волшебница
2594|18 Across: Enchantress{a}Answer?:|18 По горизонтали: Колдунья{a}Ответ?:
2595|Resurrection|Воскрешение
2596|19 Across: Cure for eradication{a}Answer?:|19 По горизонтали: Лекарство от уничтожения{a}Ответ?:
2597|Ranger|Рейнджер
2598|20 Across: A knight who prefers the woods Answer?:|20 По горизонтали: Рыцарь, предпочитающий леса{a}Ответ?:
2599|Alamar|Аламар
2600|21 Across: Castle beyond the Forbidden Zone Answer?:|21 По горизонтали: Замок позади Запрещённой Зоны{a}Ответ?:
2601|Severe|Трудный
2602|22 Across: Stern;harsh{a}Answer?:|22 По горизонтали: суровый, тяжёлый{a}Ответ?:
2603|Therewolf|Выворотень
2604|23 Across: Castle Basenji password Answer?:|23 По горизонтали: Пароль Замка Базенджи{a}Ответ?:
2605|Necropolis|Некрополис
2606|24 Across: City of the undead{a}Answer?:|24 По горизонтали: Город мёртвых{a}Ответ?:
2607|Snout|Рыло
2608|25 Across: Beastly nose{a}Answer?:|25 По горизонтали: Монструозный нос{a}Ответ?:
2609|Knowledge|Знание
2610|26 Across: Wisdom{a}Answer?:|По горизонтали: Мудрость{a}Ответ?:
2611|Flamberge|Фламберг
2612|27 Across: Two-handed sword{a}Answer?:|27 По горизонтали: Двуручный меч{a}Ответ?:
2613|Spell|Заклинание
2614|28 Across: Incantation{a}Answer?:|28 По горизонтали: Магическая формула{a}Ответ?:
2615|Use|Применить
2616|29 Across: Employ an item{a}Answer?:|29 По горизонтали: Использовать вещь{a}Ответ?:
2617|Prestidigitator|Иллюзионист
2618|30 Across: Sorcerer's favorite secondary skill Answer?:|30 По горизонтали: Излюбленное умение волшебника{a}Ответ?:
2619|Vulture|Стервятник
2620|31 Across: Buzzard{a}Answer?:|31 По горизонтали: Гриф{a}Ответ?:
2621|Gold|Золото
2622|32 Across: Precious Metal{a}Answer?:|32 По горизонтали: Благородный металл{a}Ответ?:
2623|Agile|Проворный
2624|33 Across: Nimble;quick{a}Answer?:|33 По горизонтали: Ловкий, быстрый{a}Ответ?:
2625|Fable|Сказка
2626|34 Across: Fairy tale;legend{a}Answer?:|34 По горизонтали: Предание, небылица{a}Ответ?:
2627|Fisherman|Рыболов
2628|35 Across: Medin's award: ---------'s Friend Answer?:|35 По горизонтали: Достижение в Медине{a}Ответ?:
2629|Clairvoyance|Ясновидение
2630|36 Across: Spell of perception{a}Answer?:|36 По горизонтали: Заклинание проницательности{a}Ответ?:
2631|Trident|Трезубец
2632|37 Across: A three pronged spear Answer?:|37 По горизонтали: трёхзубое копьё{a}Ответ?:
2633|Swine|Боров
2634|38 Across: Boar{a}Answer?:|38 По горизонтали: Хряк{a}Ответ?:
2635|Skeleton|Скелет
2636|39 Across: Bones;remains{a}Answer?:|39 По горизонтали: Костяной зомби{a}Ответ?:
2637|Sandcaster|Сэндкастер
2638|40 Across: City of sorcerers{a}Answer?:|40 По горизонтали: Город волшебников{a}Ответ?:
2639|Energy|Энергия
2640|41 Across: Power{a}Answer?:|41 По горизонтали: Ци{a}Ответ?:
2641|Darkstone|Тёмный камень
2642|42 Down: Tower located in Troll Forest Answer?:|42 По вертикали: Башня, расположенная в Лесу троллей{a}Ответ?:
2643|Dragon|Дракон
2644|43 Down: Wyvern{a}Answer?:|43 По вертикали: Виверна{a}Ответ?:
2645|Castleview|Каслвью
2646|44 Down: Ellinger's Tower is located here Answer?:|44 По вертикали: Место, где расположена Башня Эллинджера
2647|Winterkill|Винтеркилл
2648|45 Down: City of Ghosts{a}Answer?:|45 По вертикали: Город Призраков{a}Ответ?:
2649|Tether|Связывать
2650|46 Down: Tie;restrain with a leash Answer?:|46 По вертикали: Опутывать, держать на поводке{a}Ответ?:
2651|Sphinx|Сфинкс
2652|47 Down: You need an amulet to gain entry Answer?:|47 По вертикали: Чтобы пройти внутрь, он требует амулет{a}Ответ?:
2653|Beast|Монстр
2654|48 Down: Brute;animal{a}Answer?:|48 По вертикали: Брутальное чудовище{a}Ответ?:
2655|Might|Мощь
2656|49 Down: Strength;brawn{a}Answer?:|49 По вертикали: Сила{a}Ответ?:
2657|Disease|Болезнь
2658|50 Down: Illness{a}Answer?:|50 По вертикали: Хвороба{a}Ответе?:
2659|Page|Оруженосец
2660|51 Down: Knight's attendant{a}Answer?:|51 По вертикали: Слуга рыцаря{a}Ответ?:
2661|Criminal|Криминальный
2662|52 Down: Convict{a}Answer?:|53 По вертикали: Преступный{a}Ответ?:
2663|Druid|Друид
2664|53 Down: Priest;magician{a}Answer?:|53 По вертикали: природный маг и священник{a}Ответ?:
2665|Octopus|Осьминог
2666|54 Down: Eight legged squid{a}Answer?:|54 По вертикали: Восьминогий кальмар{a}Ответ?:
2667|Arachnoid|Арахнид
2668|55 Down: Relating to arachnids{a}Answer?:|55 По вертикали: Относящийся к паукообразным{a}Ответ?:
2669|Wizard|Волшебник
2670|56 Down: Sorcerer{a}Answer?:|56 По вертикали: Маг{a}Ответ?:
2671|Griffin|Грифон
2672|57 Down: Half lion, half eagle{a}Answer?:|57 По вертикали: Полулев, полуорёл{a}Ответ?:
2673|Insect|Насекомое
2674|58 Down: Bug;bee{a}Answer?:|58 По вертикали: жук, пчела{a}Ответ?:
2675|Moat|Ров
2676|59 Down: Castle ditch{a}Answer?:|59 По вертикали: Канава перед замком{a}Ответ?:
2677|Fear|Страх
2678|60 Down: Fright{a}Answer?:|60 По вертикали: Ужас{a}Ответ?:
2679|Accuracy|Точность
2680|61 Down: Precision{a}Answer?:|61 По вертикали: Меткость{a}Ответ?:
2681|Falista|Фалиста
2682|62 Down: Unicorn who's Alacorn was stolen Answer?:|62 По вертикали: Единорог, которого украли у Алакорна{a}Ответ?:
2683|Eerie|Страшный
2684|63 Down: Spooky{a}Answer?:|По вертикали: Пугающий{a}Ответ?:
2685|Centipede|Мокрица
2686|64 Down: Myriapod{a}Answer?:|64 По вертикали: Сороконожка{a}Ответ?:
2687|Mountaineer|Горец
2688|65 Down: Range climber{a}Answer?:|65 По вертикали: Скалолазатель{a}Ответ?:
2689|Alligator|Крокодил
2690|66 Down: Aquatic reptile{a}Answer?:|66 По вертикали: Речная рептилия{a}Ответ?:
2691|Dungeon|Катакомбы
2692|67 Down: Underground jail{a}Answer?:|67 По вертикали: Подземный лабиринт{a}Ответ?:
2693|Rat|Крыса
2694|68 Down: Rodent{a}Answer?:|68 По вертикали: Грызун{a}Ответ?:
2695|Gargoyle|Горгулья
2696|69 Down: Grotesque creature{a}Answer?:|69 По вертикали: Крылатый демон{a}Ответ?:
2697|Startle|Пугаться
2698|70 Down: Alarm;scare{a}Answer?:|70 По вертикали: Тревожиться, бояться{a}Ответ?:
2699|Armadillo|Броненосец
2700|71 Down: Armored mammal{a}Answer?:|71 По вертикали: Млекопитающее в броне{a}Ответ?:
2701|Goblin|Гоблин
2702|72 Down: Gremlin{a}Answer?:|72 По вертикали: Родственник гремлина{a}Ответ?:
2703|Mummy|Мумия
2704|73 Down: Wrapped corpse{a}Answer?:|73 По вертикали: Закутанный труп{a}Ответ?:
2705|Undead|Нежить
2706|74 Down: Not alive but not dead{a}Answer?:|74 По вертикали: Не живой, но и не мёртвый{a}Ответ?:
2707|Venom|Яд
2708|75 Down: Snake poison{a}Answer?:|75 По вертикали: Отрава змеи{a}Ответ?:
2709|Mirror|Зеркало
2710|76 Down: Way of transportation in the Land of Xeen Answer?:|76 По вертикали: Средство перемещения по Землям Ксина{a}Ответ?:
2711|Xeen|Ксин
2712|77 Down: He had a pet dragon{a}Answer?:|77 По вертикали: У него есть ручной дракон{a}Ответ?:
2713|Barbarian|Варвар
2714|78 Down: Savage; primitive person Answer?:|78 По вертикали: Первобытный дикарь{a}Ответ?:
2715|Pegasus|Пегас
2716|79 Down: Winged horse{a}Answer?:|79 По вертикали: Крылатый конь{a}Ответ?:
2717|Crown|Корона
2718|80 Down: Tiara{a}Answer?:|80 По вертикали: Диадема{a}Ответ?:
2719|JVC|ДВК
2720|J.V.C.|Д.В.К.
2721|81 Down: Game author's initials{a}Answer?:|81 По вертикали Инициалы создателя игры{a}Ответ?:
2722|Prisoner|Узник
2723|82 Down: Captive{a}Answer?:|82 По вертикали: Заключённый{a}Ответ?:
2724|Orb|Шар
2725|83 Down: Sphere{a}Answer?:|83 По вертикали: Сфера{a}Ответ?:
2726|Cartographer|Картограф
2727|84 Down: Map maker{a}Answer?:|84 По вертикали: Составитель карт{a}Ответ?:
2728|Sewer|Коллектор
2729|85 Down: Subterranean drain{a}Answer?:|85 По вертикали: Канализационный сток{a}Ответ?:
2730|Stumble|Ошибка
2731|86 Down: Trip and fall{a}Answer?:|86 По вертикали: Подножка и падение{a}Ответ?:
2732|Minotaur|Минотавр
2733|87 Down: Half man, half bull{a}Answer?:|87 Вниз: Получеловек-полубык{a}Ответ?:
2734|Crusader|Крестоносец
2735|88 Down: Traveler on a quest{a}Answer?:|88 Вниз: Искатель Ковчега{a}Ответ?:
2736|Elements|Стихии
2737|89 Down: Fire, water, air and earth Answer?:|89 Вниз: Огонь, вода, воздух и земля Ответ?:
2738|====|====
2739||
2740|Welcome|Добро Пожаловать
2741|Ballroom|Актовый зал
2742|Game Room|Комната для игр
2743|Game Room|Комната для игр
2744|Do Not Disturb|Не беспокоить
2745|Coffin|Гроб
2746|Nothing here.|Здесь ничего нет.
2747|You try to open lid of the coffin but it is too heavy and you are too weak.|Вы пробуете сдвинуть крышку гроба, но крышка слишком тяжёлая, а вы слишком слабы.
2748|Throne of the Dead|Трон Мертвеца.
2749|The Master's Throne|Трон Хозяина.
2750|You feel strange.|У вас странное чувство.
2751|Shrine of Ultimate Evil.  Destroy?|Святыня Абсолютного Зла. Уничтожить?
2752|You destroy the shrine, which destroys this dungeon, taking you with it.|Вы разрушаете святыню, которая разрушает это подземелье, забирая вас с собой.
2753|Shrine of Great Evil.  Destroy?|Святыня Великого Зла. Разрушить?
2754|+5,000,000 experience.|+5 000 000 опыта.
2755|Shrine of Lesser Evil.  Destroy?|Святыня Среднего Зла. Разрушить?
2756|+2,000,000 experience.|+2 000 000 опыта.
2757|Shrine of Minor Evil.  Destroy?|Святыня Малого Зла. Разрушить?
2758|+1,000,000 experience.|+1 000 000 опыта.
2759|Lever|Рычаг
2760|Dial reads 1. Turn?|На циферблате 1. Повернуть?
2761|Dial reads 2. Turn?|На циферблате 2. Повернуть?
2762|Dial reads 3. Turn?|На циферблате 3. Повернуть?
2763|Dial reads 4. Turn?|На циферблате 4. Повернуть?
2764|You find a note that reads:{a}Gone to Necropolis, will return soon. Please keep the place clean.  I've de-activated most of the defenses so that you and your friends can roam around freely.  The vampires have requested their privacy, so leave them alone.  Have fun...{a}(signed) Sandro|Вы находите записку, которая гласит:{a}Ушёл в Некрополь, скоро вернусь. Прошу сохранять место в чистоте. Я отключил большую часть защиты, так что вы и ваши друзья могут свободно перемещаться вокруг. Вампиры просили не вторгаться в их личную жизнь, так что оставьте их в покое. Развлекайтесь...{c}(подпись) Сандро
2765|It's stuck.|Заклинило.
2766|====|====
2767||
2768|Gong|Гонг
2769|Lever|Рычаг
2770|The lever won't budge.|Рычаг не двигается.
2771|A voice Booms:{a}Ring the four gongs and then pull the lever.{a}Touch any treasure and you'll have to start over!|Голос гремит:{a} Позвоните в четыре гонга и потяните за рычаг.{a}Коснитесь любого сокровища - и вам придётся начать заново!
2772|Fountain|Фонтан
2773|Ahh, refreshing!|Ооо, освежающе!
2774|====|====
2775||
2776|Lord Xeen Machine. Destroy?|Машина Лорда Ксина. Разрушить?
2777|Table|Table
2778|You find some papers that tell of the World of Xeen maintenance schedules...|Вы находите бумаги, в которых имеется информация о распорядке технического обслуживания Мира Ксина...
2779|A message flashes on the terminal screen:{a}Fire Core Operational|Экран мигает сообщением:{a}Ядро Огня исправно
2780|A message flashes on the terminal screen:{a}Water Core Operational|Экран мигает сообщением:{a}Ядро Воды исправно
2781|A message flashes on the terminal screen:{a}Air Core Operational|Экран мигает сообщением:{a}Ядро Воздуха исправно
2782|A message flashes on the terminal screen:{a}Earth Core Operational|Экран мигает сообщением:{a}Ядро Земли исправно
2783|Main Terminal{a}Enter Code|Главный Терминал{a}Введите код
2784|Computer|Компьютер
2785|+5,000,000 experience|+5 000 000 опыта
2786|The screen flashes with the response:{a}You are a Goober!|Экран мигает ответом:{a}Ты - Арахис!
2787|The screen flashes with the response:{a}You are a SUPER Goober!|Экран мигает ответом:{a}Ты СУПЕР Арахис!
2788|Maintenance|Maintenance
2789|Control Room|Диспетчерская
2790|====|====
2791||
2792|Preservation Room|Хранилище
2793|Preservation Room|Хранилище
2794|Home of the Aged|Дом Старейшины
2795|Exit the Southern Sphinx?|Покинуть Южного Сфинкса?
2796|Sarcophagus|Саркофаг
2797|You are too weak to open the sarcophagus.|Вы слишком слабы, чтобы открыть саркофаг.
2798|Embalming Fluid|Бальзамирующая Жидкость
2799|Super Embalming Fluid|СуперБальзамирующая Жидкость
2800|+2,000,000 exper.|+ 2 000 000 опыта
2801|"For 2 million gold I can protect you from the Swinging Death. Will  you pay?"|"За 2 миллиона золотом я могу дать вам защиту от Качающейся Смерти. Вы будете платить?"
2802|"For 2 million gold I can protect you from the Chopping Death. Will  you pay?"|"За 2 миллиона золотом я могу дать вам защиту от Рубящей Смерти. Вы будете платить?"
2803|"For another million I'll give you a clue.  Will you pay?"|"Ещё за миллион я дам вам ключ к разгадке. Будете платить?"
2804|"There's one born every minute."|"Ещё один рождается каждую минуту."
2805|"Well, maybe next time."|"Хорошо. Может, в следующий раз."
2806|"Begone, then!"|"Изыди же!"
2807|"Begone, cursed ones!"|"Прочь, проклятые!"
2808|"What is my name?"|"Как меня зовут?"
2809|Picard|Пикард
2810|"Wrong"|"Неверно"
2811|"Correct, come on up!"|"Правильно, поднимайтесь!"
2812|Barrel|Бочка
2813|Nothing here.|Здесь ничего нет.
2814|====|====
2815||
2816|So you've come to me for the Chime of Opening.  What could you possibly offer me in exchange?  I've been around for thousands of years and I've seen everything... well, almost everything.  There is one mysterious item that I haven't seen.  It's called a widget.  It's a hypothetical item of which its existence has never been proven.  Have you heard of it?|Итак, вы пришли ко мне за Колоколом Открытия. Что можете предложить в обмен? Пред моим взором прошли тысячи лет и я видел всё... ну, почти все. Есть один таинственный предмет, который я не видел. Он называется виджет. Это гипотетический элемент, существование которого никогда не было доказано. Вы слышали о нём?
2817|Then you should go see Halon the Inventor who lives just north of Darkstone Tower.  He's the one who first told me of its rumored existence.|В таком случае вы должны пойти увидеть Галона-изобретателя, который живёт к северу от Башни Тёмного камня. Он был первым, кто поведал мне про слухи о его существовании.
2818|Really?  Do you have one?|В самом деле? Он при вас?
2819|Then don't come back 'til you find one!|В таком случае не возвращайтесь до тех пор, пока не найдёте его!
2820|Would you like to trade it for the Chime of Opening?|Не хотите ли обменять это на Колокол Открытия?
2821|Then make it so!|Тогда так и сделайте!
2822|How can you trade if you don't have one!?!|Как вы можете торговать, если у вас его нет!?!
2823|Oh, pleeease won't you trade?|О, пожалуйста, вы правда не хотите поторговать?
2824|Nice to see you again, adventurers! The widget that you brought to me is fascinating!|Приятно снова видеть Вас, искатели приключений! Виджет, который вы принесли мне весьма занимателен!
2825|Picard{a}{9:125}The Aged|Пикард{a}{9:125} Старейшина
2826|Throne of Legends|Трон Легенд
2827|Sarcophagus|Саркофаг
2828|Nothing here.|Здесь ничего нет.
2829|Book|Книга
2830|The book seems to be an account of one of Picard's favorite adventurers.  You open the book to a random page and begin reading:  {a}{a}...Encoplius loosened his short sword in its scabbard.  It looked like yet another fight with the hated mad fools.  Bargus, the party's sorcerer, began to tremble with fright.  The first of the fools (the mad ones) stepped forward to receive Encoplius' sword in the gut.  The second followed the first, none the wiser from witnessing the fate of his fellow...|Книга вроде бы об одном из любимых авантюристов Пикара. Вы открываете книгу на случайной странице и начинаете читать: {a}{a}...Энкопулус ослабил свой короткий меч в ножнах. Похоже, ещё один бой с ненавистными безумными дураками. Баргус, колдун отряда, начал дрожать от страха. Первый из глупцов (умалишённых) шагнул вперёд, чтобы получить меч Энкопулуса в свои кишки. Второй последовал за первым, ни на грамм не набираясь мудрости от наблюдения за незавидной судьбой своих товарищей...
2831|The book seems to be an account of one of Picard's favorite adventurers.  You open the book to a random page and begin reading:  {a}{a}...Bruno cut through yet another insane begger with his massive broadsword.  "As I was saying, this town is great!  Just look at this place!  An excellent trainer, a bank, a...excuse me..." two more beggers had approached Bruno and company with their horrible disease, interrupting Bruno's conversation and slowing his stride.  The sword flashed twice, and two more beggers went down.  "Now where was I?  Oh, yeah..."|Книга вроде бы об одном из любимых авантюристов Пикара. Вы открываете книгу на случайной странице и начинаете читать: {a}{a}...Бруно прорубился через ещё одну безумную нищенку с помощью его массивного палаша. "Как я уже говорил, этот город - это здорово! Просто посмотри на это место! Отличный тренажёр, банк,...извините..." ещё двое нищих, поражённых ужасной болезнью, подошли к Бруно и компании, прерывая разговор Бруно и замедляя его шаг. Меч дважды сверкнул, и ещё двое попрошаек отправились в мир иной. "Так на чём я остановился? Ах, да..."
2832|The book seems to be an account of one of Picard's favorite adventurers.  You open the book to a random page and begin reading:  {a}{a}And then princess ShielaXXXXXEDITOR'S NOTE:  THE FOLLOWING TEXT HAS BEEN EXCISED FOR THE MORAL HEALTH OF OUR LOYAL PLAYERS.XXXXX|Книга вроде бы об одном из любимых авантюристов Пикара. Вы открываете книгу на случайной странице и начинаете читать: {a}{a}И потом, принцесса ШейлаXXXXXПРИМЕЧАНИЕ РЕДАКТОРА: СЛЕДУЮЩИЙ ТЕКСТ БЫЛ ВЫРЕЗАН ДЛЯ НРАВСТВЕННОГО ЗДОРОВЬЯ НАШИХ ВЕРНЫХ ИГРОКОВ.ХХХХХ
2833|This book has been hollowed out and used to store old cigars.|Эта книга была выпотрошена изнутри и используется для хранения старых сигар.
2834|====|====
2835||
2836|Runes|Руны
2837|You are unable to decipher to cryptic runes.|Вы не можете декодировать зашифрованные руны.
2838|The strange writings seem to give a lesson about the letter "P"|Странные письмена, кажется, складываются в букву "П"
2839|The strange writings seem to give a lesson about the letter "I"|Странные письмена, кажется, складываются в букву "И"
2840|The strange writings seem to give a lesson about the letter "C"|Странные письмена, кажется, складываются в букву "К"
2841|The strange writings seem to give a lesson about the letter "A"|Странные письмена, кажется, складываются в букву "А"
2842|The strange writings seem to give a lesson about the letter "R"|Странные письмена, кажется, складываются в букву "Р"
2843|The strange writings seem to give a lesson about the letter "D"|Странные письмена, кажется, складываются в букву "Д"
2844|The strange runes read: "Study the lessons to learn my name."|Странные руны гласят: "Изучайте уроки, чтобы узнать моё имя".
2845|The strange runes read: "Don't feed the dragons."|Странные руны гласят: "Не кормите драконов."
2846|Nothing here.|Здесь ничего нет.
2847|Alcove|Ниша
2848|Super Dragon Embalmer|Супер Драконий Мумификатор
2849|+5 levels perm|5 уровней постоянно
2850|It was an illusion! An angry voice booms: "No one steals from ME!"|Это была иллюзия! Гневный голос гремит: "Никто не  смеет КРАСТЬ У МЕНЯ!"
2851|====|====
2852||
2853|Descend into Dragon Tower?|Спуститься в Башню драконов?
2854|"Look into the eye of the Dragon and despair"{a}"Answer correctly or perish!"|"Посмотри в глаза Дракона и погрузись в отчаяние"{a}"Ответь правильно иль сгибни!"
2855|"What is the secret of the Dragon?"|"Что есть секрет Дракона?"
2856|Infinity|Бесконечность
2857|"Die fools!"|"Умрите, глупцы!"
2858|Very good, mortals!|Очень хорошо, смертные!
2859|Well of Fantastic Skill|Колодец Фантастического Умения
2860|The water is cool and refreshing.|Вода прохладная и освежающая.
2861|+50 Level (temp)|+50 уровней (временно)
2862|Ancient Book of the Dragon|Древняя книга Дракона
2863|You are unable to understand the strange Dragon Runes.|Вы не в состоянии понять таинственные Руны Дракона.
2864|You decipher the strange Dragon Runes and are puzzled by the simplicity of the inscription:{a}IN|Вы расшифровали руну Дракона и несколько удивлены простотой  надписи:{a}БЕС
2865|You decipher the strange Dragon Runes and are puzzled by the simplicity of the inscription:{a}FI|Вы расшифровали руну Дракона и несколько удивлены простотой  надписи:{a}КО
2866|You decipher the strange Dragon Runes and are puzzled by the simplicity of the inscription:{a}NI|Вы расшифровали руну Дракона и несколько удивлены простотой  надписи:{a}НЕЧ
2867|You decipher the strange Dragon Runes and are puzzled by the simplicity of the inscription:{a}TY|Вы расшифровали руну Дракона и несколько удивлены простотой  надписи:{a}НОСТЬ
2868|Dragon Power Crystal|Кристалл Силы Дракона
2869|The power from the Dragon Crystal discharges into your body in a nearly fatal surge.  Your body is able to absorb some of the mystic energy.  +3 Levels Perm.|Сила из Кристалла Дракона наполняет ваше тело почти смертельной пульсацией. Теперь ваше тело способно поглощать некоторые из мистических энергий. +3 Уровня постоянно.
2870|The power from the Dragon Crystal discharges into your body in a nearly fatal surge.  Your body is able to absorb some of the mystic energy.  +4 Levels Perm.|Сила из Кристалла Дракона наполняет ваше тело почти смертельной пульсацией. Теперь ваше тело способно поглощать некоторые из мистических энергий. +4 Уровня постоянно.
2871|The power from the Dragon Crystal discharges into your body in a nearly fatal surge.  Your body is able to absorb some of the mystic energy.  +5 Levels Perm.|Сила из Кристалла Дракона наполняет ваше тело почти смертельной пульсацией. Теперь ваше тело способно поглощать некоторые из мистических энергий. +5 Уровней постоянно.
2872|Mind of the Dragon|Разум Дракона
2873|Past of the Dragon|Прошлое дракона
2874|Future of the Dragon|Будущее дракона
2875|As your mind links with the Dragon you feel it's knowledge combine with your own.  Your feeble mind tries to absorb the new wisdom but is found lacking.  Every fiber of your being screams as your brain collapses in upon itself.|Когда ваш разум объединяется с сознанием Дракона, вы чувствуете, что ваши знания соединяются в одно единое. Ваша ограниченное сознание пытается воспринять новую мудрость, но его не хватает. Каждая фибра вашего существа кричит, в то время как ваш мозг рушится сам на себя.
2876|You feel a strange euphoria come over you as your mind becomes one with the Dragon's. The knowledge you now discover fills your brain with fire. You try to cope with concepts mortals were never meant to understand. Your brain reels from the onslaught and breaks the link before it is overloaded.  You feel weak and drained from the experience but are surprised to find yourself uttering a single phrase over and over:{a}The knowledge is limitless.|Вы ощущаете странную эйфорию, снизошедшую на вас, в то время как ваш ум становится единым с сознанием Дракона. Знания, которые вы теперь обнаруживаете, наполняют ваш мозг огнём. Вы пытаетесь справиться с теми концепциями, кои смертным не суждено понять. Ваш мозг сотрясается от натиска и разрывает связь, прежде чем окончательно перегружается. Вы чувствуете слабость и опустошённость опытом, но с удивлением обнаруживаете в себе одну единственную фразу, которую произносите снова и снова:{a}Знания безграничны.
2877|As you peer into the past of the Dragon, images of times long past fill your mind.  The scenes are neither pleasant nor frightening.  Your mind delves deeper into the darkness and doing so accelerates the process. You reel as you watch worlds being uncreated in your brain. You try to break free from the grip of the Dragon but are helpless to do so.  Your body collapses as your soul is rent from your body and consumed by the vortex of the past.|Когда вы заглядываете в прошлое Дракона, образы давно прошедших времён заполняют ваш разум. Эти сцены не являются ни приятными, ни пугающим. Ваш ум проникает глубже в темноту и ускоряет процесс. Вас потрясает зрелище миров, застывших в несотворении в вашем мозгу. Вы пытаетесь освободиться от хватки Дракона, но не можете ничего сделать. Ваше тело входит в коллапс, когда душа отрывается от него, поглощаемая водоворотом прошлого.
2878|The past of the Dragon fills your brain.  The harder you try to grasp onto a single image the faster the images flow into your head.  Your mind tumbles at an ever quickening pace towards the creation of time and beyond. Fear grips you as you realize what will happen to a mortal who sees the infinite. You break your link with the Dragon in a desperate attempt at self preservation. The following words tumble from your lips as you recover from the experience:{a}The history is endless.|Прошлое Дракона заполняет ваш мозг. Чем больше вы пытаетесь понять смысл на одном изображении, тем быстрее поток образов в голове. Ваш разум кувыркается со все ускоряющимся темпом в направлении создания времени и за его пределами. Страх сковывает вас, когда вы понимаете, что ждёт тех смертных, кто видит бесконечное. Вы нарушаете свою связь с Драконом в отчаянной попытке самосохранения. Следующие слова падают от ваших губ, когда впоследствии вы восстанавливаете их из своего опыта:{a}История бесконечна.
2879|The lock is instantaneous as you peer into the future of the Dragon. Your brain fills to capacity and more as the endless combinations of futures flash before you.  Your mind expands as power flows into you from the knowledge of innumerable races yet to exist.  You lust for more but the mortal shell you wear is unable to cope with what the mind now holds.  Fire explodes in your head as all the cells in your body implode upon themselves.|Блокировка наступает мгновенно, когда вы заглядываете в будущее Дракона. Ваш мозг до конца и даже более заполняется бесконечными комбинациями будущего, проходящего перед вами. Ваш разум расширяется, когда сила знания бесчисленных когда-либо существовавших рас заполняет его. Вы жаждете больше, но смертная оболочка, которую вы носите не в состоянии справиться с тем, что сейчас занимает ваш разум. Огонь взрывается в голове в тот момент, когда все клетки вашего тела сжигают сами себя.
2880|The Dragon's grip is strong as you peer into the future.  The countless combinations of futures stream into your brain at a feverish pace.  The knowledge of races yet to exist fills your mind and tries to consume you like a fire licking at tender wood.  You break the iron grip that the Dragon holds on you before you are destroyed. You try to vocalize your experience but can only mutter the words:{a}The possibilities are unlimited.|Хватка Дракона сильна, когда вы заглядываете в будущее. Бесчисленное множество комбинаций будущего струится в ваш мозг в лихорадочном темпе. Мудрость рас ещё существует, наполняет ваше сознание и пытается поглотить вас, как огонь лижет нежное дерево. Вы разрываете железную хватку, что Дракон наложил на вас, прежде чем будете уничтожены. Вы пробуете озвучить свой опыт, но можете только пробормотать:{a}Возможности безграничны.
2881|====|====
2882||
2883|Rest{a}Stop|Rest{a}Stop
2884|Might and{a}Magic|Might and{a}Magic
2885|King's{a}Bounty|King's{a}Bounty
2886|Empire{a}Deluxe|Empire{a}Deluxe
2887|Spaceward{a}Ho!|Spaceward{a}Ho!
2888|Vegas{a}Games|Vegas{a}Games
2889|Inherit the{a}Earth|Inherit the{a}Earth
2890|New World{a}Computing|New World{a}Computing
2891|Tunnels and{a}Trolls|Tunnels and{a}Trolls
2892|Nuclear{a}War|Nuclear{a}War
2893|Planets{a}Edge|Planets{a}Edge
2894|The observatory is closed.|Обсерватория закрыта.
2895|Dragon Pharaoh{a}{9:125}Guardian of Xeen|Дракон Фараон{9:125}Страж Ксина
2896|In order for me to commence the unification ceremony, you must have the Cube of Power and the Sceptor of Temporal Distortion.  Also, the four Elemental Sleepers must be awakened.|Для того чтобы приступить к церемонии объединения, вы должны иметь Куб Силы и Скипетр Временного Искажения. Кроме того, четверо Элементальных Спящих должны пробудиться.
2897|Descend into Darkstone Tower?|Спуститься в Башню Тёмного камня?
2898|A message reads:{a}It's a long road ahead so rest where you can. But don't forget to recast your spells.{a}Signed,{a}The Dragon Pharaoh|Сообщение гласит:{a}Это долгая дорога, так что отдыхайте, где можете. Но не забудьте перенастроить ваши заклинания.{a}Подпись:{a}Дракон Фараон
2899|====|====
2900||
2901|Area A1|Область A1
2902|====|====
2903||
2904|Area A2|Область A2
2905|====|====
2906||
2907|Area A3|Область A3
2908|====|====
2909||
2910|Area A4|Область A4
2911|====|====
2912||
2913|Area B1|Область B1
2914|====|====
2915||
2916|Area B2|Область B2
2917|====|====
2918||
2919|Area B3|Область B3
2920|====|====
2921||
2922|Area B4|Область B4
2923|====|====
2924||
2925|Area C1|Область C1
2926|====|====
2927||
2928|Area C2|Область C2
2929|====|====
2930||
2931|Area C3|Область C3
2932|====|====
2933||
2934|Area C4|Область C4
2935|====|====
2936||
2937|Area D1|Область D1
2938|====|====
2939||
2940|Area D2|Область D2
2941|====|====
2942||
2943|Area D3|Область D3
2944|====|====
2945||
2946|Area D4|Область D4
2947|====|====
2948||
2949|Area E1|Область E1
2950|====|====
2951||
2952|Area E2|Область E2
2953|====|====
2954||
2955|Area E3|Область E3
2956|====|====
2957||
2958|Area E4|Область E4
2959|====|====
2960||
2961|Area F1|Область F1
2962|====|====
2963||
2964|Area F2|Область F2
2965|====|====
2966||
2967|Area F3|Область F3
2968|====|====
2969||
2970|Area F4|Область F4
2971|====|====
2972||
2973|Elemental Plane of Fire|Elemental Plane of Fire
2974|====|====
2975||
2976|Elemental Plane of Air|Измерение Элементалей Воздуха
2977|====|====
2978||
2979|Elemental Plane of Earth|Измерение Элементалей Земли
2980|====|====
2981||
2982|Elemental Plane of Water|Измерение Элементалей Воды
2983|====|====
2984||
2985|Castleview|Каслвью
2986|====|====
2987||
2988|Castleview Sewer|Канализация Каслвью
2989|====|====
2990||
2991|Sandcaster|Сэндкастер
2992|====|====
2993||
2994|Sandcaster Sewer|Канализация Сэндкастера
2995|====|====
2996||
2997|Lakeside|Лэйксайд
2998|====|====
2999||
3000|Lakeside Sewer|Канализация Лэйксайда
3001|====|====
3002||
3003|Necropolis|Некрополь
3004|====|====
3005||
3006|Necropolis Sewer|Канализация Некрополя
3007|====|====
3008||
3009|Olympus|Олимп
3010|====|====
3011||
3012|Olympus Sewer|Канализация Олимпа
3013|====|====
3014||
3015|Gemstone Mines|Шахты самоцветов
3016|====|====
3017||
3018|Troll Holes|Ямы троллей
3019|====|====
3020||
3021|Castle Kalindra Level 1|Замок Калиндры Уровень 1
3022|====|====
3023||
3024|Castle Kalindra Level 2|Замок Калиндры Уровень 2
3025|====|====
3026||
3027|Castle Kalindra Level 3|Замок Калиндры Уровень 3
3028|====|====
3029||
3030|Castle Kalindra Dungeon|Подземелье Замка Калиндры
3031|====|====
3032||
3033|Castle Blackfang Level 1|Замок Черноклык Уровень 1
3034|====|====
3035||
3036|Castle Blackfang Level 2|Замок Черноклык Уровень 2
3037|====|====
3038||
3039|Castle Blackfang Level 3|Замок Черноклык Уровень 3
3040|====|====
3041||
3042|Castle Blackfang Dungeon|Подземелье замка Черноклык
3043|====|====
3044||
3045|Castle Alamar Level 1|Замок Аламар уровень 1
3046|====|====
3047||
3048|Castle Alamar Level 2|Замок Аламар уровень 2
3049|====|====
3050||
3051|Castle Alamar Level 3|Замок Аламар уровень 3
3052|====|====
3053||
3054|Castle Alamar Dungeon|Подземелье замка Аламар
3055|====|====
3056||
3057|Ellinger's Tower Lvl 1|Башня Эллинджера ур 1
3058|====|====
3059||
3060|Ellinger's Tower Lvl 2|Башня Эллинджера ур 2
3061|====|====
3062||
3063|Ellinger's Tower Lvl 3|Башня Эллинджера ур 3
3064|====|====
3065||
3066|Ellinger's Tower Lvl 4|Башня Эллинджера ур 4
3067|====|====
3068||
3069|Western Tower Lvl 1|Западная Башня ур 1
3070|====|====
3071||
3072|Western Tower Lvl 2|Западная Башня ур 2
3073|====|====
3074||
3075|Western Tower Lvl 3|Западная Башня ур 3
3076|====|====
3077||
3078|Western Tower Lvl 4|Западная Башня ур 4
3079|====|====
3080||
3081|Southern Tower Lvl 1|Южная Башня ур 1
3082|====|====
3083||
3084|Southern Tower Lvl 2|Южная Башня ур 2
3085|====|====
3086||
3087|Southern Tower Lvl 3|Южная Башня ур 3
3088|====|====
3089||
3090|Southern Tower Lvl 4|Южная Башня ур 4
3091|====|====
3092||
3093|Eastern Tower Lvl 1|Восточная Башня ур 1
3094|====|====
3095||
3096|Eastern Tower Lvl 2|Восточная Башня ур 2
3097|====|====
3098||
3099|Eastern Tower Lvl 3|Восточная Башня ур 3
3100|====|====
3101||
3102|Eastern Tower Lvl 4|Восточная Башня ур 4
3103|====|====
3104||
3105|Northern Tower Lvl 1|Северная Башня ур 1
3106|====|====
3107||
3108|Northern Tower Lvl 2|Северная Башня ур 2
3109|====|====
3110||
3111|Northern Tower Lvl 3|Северная Башня ур 3
3112|====|====
3113||
3114|Northern Tower Lvl 4|Северная Башня ур 4
3115|====|====
3116||
3117|Temple of Bark Lvl 1|Храм Коры Ур 1
3118|====|====
3119||
3120|Temple of Bark Lvl 2|Храм Коры Ур 2
3121|====|====
3122||
3123|Temple of Bark Lvl 3|Храм Коры Ур 3
3124|====|====
3125||
3126|Temple of Bark Lvl 4|Храм Коры Ур 4
3127|====|====
3128||
3129|Temple of Bark Lvl 5|Храм Коры Ур 5
3130|====|====
3131||
3132|Lost Souls Dungeon Lvl 1|Подземелье Потерянных душ Ур 1
3133|====|====
3134||
3135|Lost Souls Dungeon Lvl 3|Подземелье Потерянных душ Ур 3
3136|====|====
3137||
3138|Lost Souls Dungeon Lvl 2|Подземелье Потерянных душ Ур 2
3139|====|====
3140||
3141|Lost Souls Dungeon Lvl 4|Подземелье Потерянных душ Ур 4
3142|====|====
3143||
3144|Lost Souls Dungeon Lvl 5|Подземелье Потерянных душ Ур 5
3145|====|====
3146||
3147|The Great Pyramid Level 1|Великая Пирамида Уровень 1
3148|====|====
3149||
3150|The Great Pyramid Level 2|Великая Пирамида Уровень 2
3151|====|====
3152||
3153|The Great Pyramid Level 3|Великая Пирамида Уровень 3
3154|====|====
3155||
3156|The Great Pyramid Level 4|Великая Пирамида Уровень 4
3157|====|====
3158||
3159|Escape Pod 1|Спасательная Капсула 1
3160|====|====
3161||
3162|Escpae Pod 2|Спасательная Капсула 2
3163|====|====
3164||
3165|Skyroad A1|Небесная Дорога A1
3166|====|====
3167||
3168|Skyroad A2|Небесная Дорога A2
3169|====|====
3170||
3171|Skyroad A3|Небесная Дорога A3
3172|====|====
3173||
3174|Skyroad A4|Небесная Дорога A4
3175|====|====
3176||
3177|Skyroad B1|Небесная Дорога B1
3178|====|====
3179||
3180|Skyroad B2|Небесная Дорога B2
3181|====|====
3182||
3183|Skyroad B3|Небесная Дорога B3
3184|====|====
3185||
3186|Skyroad B4|Небесная Дорога B4
3187|====|====
3188||
3189|Skyroad C1|Небесная Дорога C1
3190|====|====
3191||
3192|Skyroad C2|Небесная Дорога C2
3193|====|====
3194||
3195|Skyroad C3|Небесная Дорога C3
3196|====|====
3197||
3198|Great Western Tower|Великая Восточная Башня
3199||
3200||
3201||
3202||
3203||
3204||
3205||
3206||
3207|{3:}{9:Gr}eat Southern Tower|{3:}{9:Ве}ликая Южная Башня
3208||
3209||
3210||
3211||
3212||
3213||
3214||
3215|{2}{7:Gr}eat Eastern Tower|{2}{7:Ве}ликая Восточная Башня
3216||
3217||
3218||
3219||
3220||
3221||
3222||
3223||
3224|{9:	G}reat Northern Tower|{9:	Ве}ликая Северная Башня
3225||
3226||
3227||
3228||
3229||
3230||
3231||
3232|{d}{2}{9:?Sp}rite Forest|{d}{2}{9:?Ле}с Фей
3233||
3234||
3235||
3236||
3237||
3238||
3239||
3240||
3241||
3242||
3243||
3244||
3245||
3246||
3247|{c:	}{2}Dark Grove|{c:	}{2}Тёмная Роща
3248||
3249||
3250||
3251||
3252||
3253||
3254||
3255||
3256||
3257||
3258||
3259||
3260||
3261||
3262||
3263||
3264||
3265|{3:}{6}|{3:}{6}
3266|Castle Kalindra|Замок Калиндры
3267||
3268||
3269||
3270||
3271||
3272||
3273||
3274||
3275||
3276||
3277||
3278||
3279|{4:}Castle Alamar|{4:}Замок Аламар
3280||
3281||
3282||
3283||
3284||
3285||
3286||
3287||
3288||
3289||
3290||
3291||
3292||
3293||
3294|{1}{a}{4:?Ca}stle Blackfang|{1}{a}{4:?За}мок Черноклык
3295||
3296||
3297||
3298||
3299||
3300||
3301||
3302||
3303||
3304||
3305||
3306|{9:?G}emstone Range|{9:?Д}рагоценных камней область
3307||
3308||
3309||
3310||
3311||
3312||
3313||
3314||
3315||
3316||
3317||
3318||
3319||
3320|{b:}Ogre Pass|{b:}Перевал огров
3321||
3322||
3323||
3324||
3325||
3326||
3327||
3328||
3329||
3330||
3331||
3332||
3333||
3334||
3335||
3336||
3337||
3338||
3339|{b:	C}astleview|{b:	К}эслвью
3340||
3341||
3342||
3343||
3344||
3345||
3346||
3347||
3348||
3349||
3350||
3351||
3352||
3353||
3354||
3355||
3356||
3357|{4:}Lakeside|{4:}Лэйксайд
3358||
3359||
3360||
3361||
3362||
3363||
3364||
3365||
3366||
3367||
3368||
3369||
3370||
3371||
3372||
3373||
3374||
3375||
3376||
3377|{2}{1}Sandcaster|{2}{1}Сэндкастер
3378||
3379||
3380||
3381||
3382||
3383||
3384||
3385||
3386||
3387||
3388||
3389||
3390||
3391||
3392||
3393||
3394||
3395|{5}{c:N}ecropolis|{5}{c:Н}екрополис
3396||
3397||
3398||
3399||
3400||
3401||
3402||
3403||
3404||
3405||
3406||
3407||
3408||
3409||
3410||
3411||
3412||
3413|{6}{8:}|{6}{8:}
3414|Snow River Rapids|Пороги Снежной Реки
3415||
3416||
3417||
3418||
3419||
3420||
3421||
3422||
3423||
3424||
3425|{6}{3:}Isle of Lost Souls|{6}{3:}Остров Потерянных Душ
3426||
3427||
3428||
3429||
3430||
3431||
3432||
3433||
3434||
3435|{6}{8:?}Octopod Lake|{6}{8:?}Озеро Восьминогого
3436||
3437||
3438||
3439||
3440||
3441||
3442||
3443||
3444||
3445||
3446||
3447||
3448||
3449||
3450||
3451|{6}{3:?}Crossroads|{6}{3:?}Перекрёстки
3452||
3453||
3454||
3455||
3456||
3457||
3458||
3459||
3460||
3461||
3462||
3463||
3464||
3465||
3466||
3467||
3468||
3469|{e}{b:?Ac}id Pond|{e}{b:?Ки}слотный Пруд
3470||
3471||
3472||
3473||
3474||
3475||
3476||
3477||
3478||
3479||
3480||
3481||
3482||
3483||
3484||
3485||
3486||
3487||
3488|{7:
}Griffin Pass|{7:
}Проход Грифона
3489||
3490||
3491||
3492||
3493||
3494||
3495||
3496||
3497||
3498||
3499||
3500||
3501||
3502||
3503||
3504|{5}{c:?}Quivering Forest|{5}{c:?}Трепещущий Лес
3505||
3506||
3507||
3508||
3509||
3510||
3511||
3512||
3513||
3514||
3515||
3516|{9:?}Magic Mountain|{9:?}Волшебная Гора
3517||
3518||
3519||
3520||
3521||
3522||
3523||
3524||
3525||
3526||
3527||
3528||
3529||
3530|{1}{c:F}orest of Peril|{1}{c:Л}ес Угрозы
3531||
3532||
3533||
3534||
3535||
3536||
3537||
3538||
3539||
3540||
3541||
3542||
3543|{7:R}iver of Wrath|{7:Р}ека Гнева
3544||
3545||
3546||
3547||
3548||
3549||
3550||
3551||
3552||
3553||
3554||
3555||
3556||
3557|{2}{5}{2}Aging Forest|{2}{5}{2}Стареющий Лес
3558||
3559||
3560||
3561||
3562||
3563||
3564||
3565||
3566||
3567||
3568||
3569||
3570||
3571||
3572||
3573|{d}{a}{2}Venom Pond|{d}{a}{2}Ядовитый Пруд
3574||
3575||
3576||
3577||
3578||
3579||
3580||
3581||
3582||
3583||
3584||
3585||
3586||
3587||
3588||
3589||
3590||
3591|{4:
H}owling Woods|{4:
В}оющие Рощи
3592||
3593||
3594||
3595||
3596||
3597||
3598||
3599||
3600||
3601||
3602||
3603||
3604||
3605||
3606||
3607|{e}{2}Forbidden Zone|{e}{2}Забытая Зона
3608||
3609||
3610||
3611||
3612||
3613||
3614||
3615||
3616||
3617||
3618||
3619||
3620||
3621|{6}{3:D}esert of Doom|{6}{3:П}устыня Рока
3622||
3623||
3624||
3625||
3626||
3627||
3628||
3629||
3630||
3631||
3632||
3633||
3634||
3635|{a}{1}|{a}{1}
3636|Parabolic Barrier|Параболический Барьер
3637||
3638||
3639||
3640||
3641||
3642||
3643||
3644||
3645||
3646||
3647|{d}{3:}|{d}{3:}
3648|Perishing Sands|Зыбучие Пески
3649||
3650||
3651||
3652||
3653||
3654||
3655||
3656||
3657||
3658||
3659||
3660||
3661|{e}{4:Sh}owdown|{e}{4:Ра}звязка
3662||
3663||
3664||
3665||
3666||
3667||
3668||
3669||
3670||
3671||
3672||
3673||
3674||
3675||
3676||
3677||
3678||
3679||
3680||
3681||
3682||
3683||
3684||
3685|Genesis|Предыстория
3686||
3687||
3688||
3689||
3690||
3691||
3692||
3693||
3694||
3695||
3696||
3697||
3698||
3699||
3700||
3701||
3702||
3703||
3704||
3705||
3706||
3707||
3708||
3709||
3710|Showtime|Время показа
3711||
3712||
3713||
3714||
3715||
3716||
3717||
3718||
3719||
3720||
3721||
3722||
3723||
3724||
3725||
3726||
3727||
3728||
3729||
3730||
3731||
3732||
3733||
3734|====|====
3735||
3736|Skyroad C4|Небесная Дорога C4
3737|====|====
3738||
3739|Skyroad D1|Небесная Дорога D1
3740|====|====
3741||
3742|Skyroad D2|Небесная Дорога D2
3743|====|====
3744||
3745|Skyroad D3|Небесная Дорога D3
3746|====|====
3747||
3748|Skyroad D4|Небесная Дорога D4
3749|====|====
3750||
3751|Skyroad E1|Небесная Дорога E1
3752|====|====
3753||
3754|Skyroad E2|Небесная Дорога E2
3755|====|====
3756||
3757|Skyroad E3|Небесная Дорога E3
3758|====|====
3759||
3760|Skyroad E4|Небесная Дорога E4
3761|====|====
3762||
3763|Skyroad F1|Небесная Дорога F1
3764|====|====
3765||
3766|Skyroad F2|Небесная Дорога F2
3767|====|====
3768||
3769|Skyroad F3|Небесная Дорога F3
3770|====|====
3771||
3772|Skyroad F4|Небесная Дорога F4
3773|====|====
3774||
3775|Darkstone Tower Level 1|Башня Тёмного камня Уровень 1
3776|====|====
3777||
3778|Darkstone Tower Level 2|Башня Тёмного камня Уровень 2
3779|====|====
3780||
3781|Darkstone Tower Level 3|Башня Тёмного камня Уровень 3
3782|====|====
3783||
3784|Darkstone Tower Level 4|Башня Тёмного камня Уровень 4
3785|====|====
3786||
3787|Dragon Tower Level 1|Башня драконов Уровень 1
3788|====|====
3789||
3790|Dragon Tower Level 2|Башня драконов Уровень 2
3791|====|====
3792||
3793|Dragon Tower Level 3|Башня драконов Уровень 3
3794|====|====
3795||
3796|Dragon Tower Level 4|Башня драконов Уровень 4
3797|====|====
3798||
3799|Dungeon of Death Level 1|Подземелье Смерти. Уровень 1
3800|====|====
3801||
3802|Dungeon of Death Level 2|Подземелье Смерти. Уровень 2
3803|====|====
3804||
3805|Dungeon of Death Level 3|Подземелье Смерти. Уровень 3
3806|====|====
3807||
3808|Dungeon of Death Level 4|Подземелье Смерти. Уровень 4
3809|====|====
3810||
3811|Southern Sphinx Level 1|Южный Сфинкс. Уровень 1
3812|====|====
3813||
3814|Southern Sphinx Level 2|Южный Сфинкс. Уровень 2
3815|====|====
3816||
3817|Southern Sphinx Level 3|Южный Сфинкс. Уровень 3
3818|====|====
3819||
3820|Dragon Clouds|Облака Дракона
3821|====|====
3822||
3823|Clouds of the Ancients|Облака Древних
3824|====|====
3825||
3826|Area A1|Область A1
3827|====|====
3828||
3829|Area A2|Область A2
3830|====|====
3831||
3832|Area A3|Область A3
3833|====|====
3834||
3835|Area A4|Область A4
3836|====|====
3837||
3838|Area B1|Область B1
3839|====|====
3840||
3841|Area B2|Область B2
3842|====|====
3843||
3844|Area B3|Область B3
3845|====|====
3846||
3847|Area B4|Область B4
3848|====|====
3849||
3850|Area C1|Область C1
3851|====|====
3852||
3853|Area C2|Область C2
3854|====|====
3855||
3856|Area C3|Область C3
3857|====|====
3858||
3859|Area C4|Область C4
3860|====|====
3861||
3862|Area D1|Область D1
3863|====|====
3864||
3865|Area D2|Область D2
3866|====|====
3867||
3868|Area D3|Область D3
3869|====|====
3870||
3871|Area D4|Область D4
3872|====|====
3873||
3874|Area E1|Область E1
3875|====|====
3876||
3877|Area E2|Область E2
3878|====|====
3879||
3880|Area E3|Область E3
3881|====|====
3882||
3883|Area E4|Область E4
3884|====|====
3885||
3886|Area F1|Область F1
3887|====|====
3888||
3889|Area F2|Область F2
3890|====|====
3891||
3892|Area F3|Область F3
3893|====|====
3894||
3895|Area F4|Область F4
3896|====|====
3897||
3898|Witch Clouds|Ведьмины Облака
3899|====|====
3900||
3901|High Magic Clouds|Облака Высшей магии
3902|====|====
3903||
3904|Clouds of Xeen|Небеса Ксина
3905|====|====
3906||
3907|Vertigo|Вертиго
3908|====|====
3909||
3910|Nightshadow|Найтшэдоу
3911|====|====
3912||
3913|Rivercity|Риверсити
3914|====|====
3915||
3916|Asp|Эсп
3917|====|====
3918||
3919|Winterkill|Винтеркилл
3920|====|====
3921||
3922|Dwarf Mine 1|Шахта дварфов 1
3923|====|====
3924||
3925|Dwarf Mine 2|Шахта дварфов 2
3926|====|====
3927||
3928|Dwarf Mine 3|Шахта дварфов 3
3929|====|====
3930||
3931|Dwarf Mine 4|Шахта дварфов 4
3932|====|====
3933||
3934|Dwarf Mine 5|Шахта дварфов 5
3935|====|====
3936||
3937|Deep Mine Alpha|Глубокая Шахта Альфа
3938|====|====
3939||
3940|Deep Mine Theta|Глубокая Шахта Тета
3941|====|====
3942||
3943|Deep Mine Kappa|Глубокая Шахта Каппа
3944|====|====
3945||
3946|Deep Mine Omega|Глубокая Шахта Омега
3947|====|====
3948||
3949|Cave of Illusion Level 1|Пещера Иллюзий Уровень 1
3950|====|====
3951||
3952|Cave of Illusion Level 2|Пещера Иллюзий Уровень 2
3953|====|====
3954||
3955|Cave of Illusion Level 3|Пещера Иллюзий Уровень 3
3956|====|====
3957||
3958|Cave of Illusion Level 4|Пещера Иллюзий Уровень 4
3959|====|====
3960||
3961|Volcano Cave Level 1|Вулканическая Пещера Уровень 1
3962|====|====
3963||
3964|Volcano Cave Level 2|Вулканическая Пещера Уровень 2
3965|====|====
3966||
3967|Volcano Cave Level 3|Вулканическая Пещера Уровень 3
3968|====|====
3969||
3970|Shangri-La|Шангри-Ла
3971|====|====
3972||
3973|Dragon Cave|Пещера Дракона
3974|====|====
3975||
3976|Witch Tower Level 1|Башня ведьм Уровень 1
3977|====|====
3978||
3979|Witch Tower Level 2|Башня ведьм Уровень 2
3980|====|====
3981||
3982|Witch Tower Level 3|Башня ведьм Уровень 3
3983|====|====
3984||
3985|Witch Tower Level 4|Башня ведьм Уровень 4
3986|====|====
3987||
3988|Tower of High Magic Level 1|Башня Высшей магии Уровень 1
3989|====|====
3990||
3991|Tower of High Magic Level 2|Башня Высшей магии Уровень 2
3992|====|====
3993||
3994|Tower of High Magic Level 3|Башня Высшей магии Уровень 3
3995|====|====
3996||
3997|Tower of High Magic Level 4|Башня Высшей магии Уровень 4
3998|====|====
3999||
4000|Darzog's Tower Level 1|Башня Дарзога Уровень 1
4001|====|====
4002||
4003|Darzog's Tower Level 2|Башня Дарзога Уровень 2
4004|====|====
4005||
4006|Darzog's Tower Level 3|Башня Дарзога Уровень 3
4007|====|====
4008||
4009|Darzog's Tower Level 4|Башня Дарзога Уровень 4
4010|====|====
4011||
4012|Burlock Dungeon|Подземелье Барлока
4013|====|====
4014||
4015|Castle Burlock Level 1|Замок Барлок Уровень 1
4016|====|====
4017||
4018|Castle Burlock Level 2|Замок Барлок Уровень 2
4019|====|====
4020||
4021|Castle Burlock Level 3|Замок Барлок Уровень 3
4022|====|====
4023||
4024|Basenji Dungeon|Подземелье Базенджи
4025|====|====
4026||
4027|Castle Basenji Level 1|Замок Базенджи Уровень 1
4028|====|====
4029||
4030|Castle Basenji Level 2|Замок Базенджи Уровень 2
4031|====|====
4032||
4033|Castle Basenji Level 3|Замок Базенджи Уровень 3
4034|====|====
4035||
4036|Newcastle Dungeon|Подземелье Ньюкасла
4037|====|====
4038||
4039|Newcastle Foundation|Фундамент Ньюкасла
4040|====|====
4041||
4042|Newcastle Level 1|Ньюкасл Уровень 1
4043|====|====
4044||
4045|Newcastle Level 2|Ньюкасл Уровень 2
4046|====|====
4047||
4048|Xeen's Castle Level 1|Замок Ксина Уровень 1
4049|====|====
4050||
4051|Xeen's Castle Level 2|Замок Ксина Уровень 2
4052|====|====
4053||
4054|Xeen's Castle Level 3|Замок Ксина Уровень 3
4055|====|====
4056||
4057|Xeen's Castle Level 4|Замок Ксина Уровень 4
4058|====|====
4059||
4060|Ancient Temple of Yak|Древний Храм Яка
4061|====|====
4062||
4063|Tomb of a 1000 Terrors|Гробница 1000 Ужасов
4064|====|====
4065||
4066|Golem Dungeon|Подземелье Голема
4067|====|====
4068||
4069|Sphinx Body|Тело Сфинкса
4070|====|====
4071||
4072|Sphinx Head|Голова Сфинкса
4073|====|====
4074||
4075|Sphinx Dungeon|Подземелье Сфинкса
4076|====|====
4077||
4078|The Warzone|Арена
4079|====|====
4080||
4081|vertigo|вертиго
4082||
4083||
4084||
4085||
4086||
4087||
4088||
4089||
4090||
4091||
4092||
4093||
4094||
4095||
4096||
4097||
4098||
4099||
4100||
4101||
4102||
4103||
4104|{3:n}ightshadow|{3:н}очнаятень
4105||
4106||
4107||
4108||
4109||
4110||
4111||
4112||
4113||
4114||
4115||
4116||
4117||
4118||
4119||
4120||
4121||
4122||
4123|{3:r}ivercity|{3:р}иверсити
4124||
4125||
4126||
4127||
4128||
4129||
4130||
4131||
4132||
4133||
4134||
4135||
4136||
4137||
4138||
4139||
4140||
4141||
4142||
4143||
4144||
4145|asp|эсп
4146||
4147||
4148||
4149||
4150||
4151||
4152||
4153||
4154||
4155||
4156||
4157||
4158||
4159||
4160||
4161||
4162||
4163||
4164||
4165||
4166||
4167||
4168||
4169||
4170||
4171||
4172||
4173|winterkill|винтеркилл
4174||
4175||
4176||
4177||
4178||
4179||
4180||
4181||
4182||
4183||
4184||
4185||
4186||
4187||
4188||
4189||
4190||
4191||
4192||
4193|{2}castle burlock|{2}замок барлок
4194||
4195||
4196||
4197||
4198||
4199||
4200||
4201||
4202||
4203||
4204||
4205||
4206||
4207|{e}{8:}|
4208||
4209||
4210||
4211||
4212||
4213||
4214||
4215||
4216||
4217||
4218||
4219||
4220||
4221||
4222||
4223||
4224||
4225||
4226|{c:
}|
4227||
4228||
4229||
4230||
4231||
4232||
4233||
4234||
4235||
4236||
4237||
4238||
4239||
4240|{1}{5}{b:|
4241||
4242||
4243||
4244||
4245||
4246||
4247||
4248||
4249||
4250||
4251||
4252||
4253||
4254||
4255||
4256||
4257|{a}{a}|
4258||
4259||
4260||
4261||
4262||
4263||
4264||
4265||
4266||
4267||
4268||
4269||
4270||
4271|{3:}|
4272||
4273||
4274||
4275||
4276||
4277||
4278||
4279||
4280||
4281||
4282||
4283||
4284||
4285||
4286|{3:}|
4287||
4288||
4289||
4290||
4291||
4292||
4293||
4294||
4295||
4296||
4297||
4298||
4299||
4300||
4301||
4302|{5}{a}{c:|
4303||
4304||
4305||
4306||
4307||
4308||
4309||
4310||
4311|{c:}|
4312||
4313||
4314||
4315||
4316||
4317||
4318||
4319||
4320||
4321||
4322||
4323||
4324|{8:}{e}|
4325||
4326||
4327||
4328||
4329||
4330||
4331||
4332||
4333||
4334||
4335||
4336||
4337||
4338||
4339||
4340||
4341|{d}{c:|
4342||
4343||
4344||
4345||
4346||
4347||
4348||
4349||
4350||
4351||
4352||
4353|{8:}|
4354||
4355||
4356||
4357||
4358||
4359||
4360||
4361||
4362||
4363||
4364||
4365||
4366||
4367||
4368||
4369||
4370||
4371||
4372||
4373||
4374|U{7:|
4375||
4376||
4377||
4378||
4379||
4380||
4381||
4382||
4383||
4384||
4385||
4386||
4387|{3:}|
4388||
4389||
4390||
4391||
4392||
4393||
4394||
4395||
4396||
4397|{6}{7:|
4398||
4399||
4400||
4401||
4402||
4403||
4404||
4405||
4406||
4407||
4408||
4409||
4410||
4411|{9:
|
4412||
4413||
4414||
4415||
4416||
4417||
4418||
4419||
4420||
4421||
4422||
4423||
4424|{8:}|
4425||
4426||
4427||
4428||
4429||
4430||
4431||
4432||
4433||
4434||
4435||
4436||
4437||
4438||
4439||
4440||
4441||
4442|{7:|
4443||
4444||
4445||
4446||
4447||
4448||
4449||
4450||
4451||
4452||
4453||
4454||
4455|{6}{7:|
4456||
4457||
4458||
4459||
4460||
4461||
4462||
4463||
4464||
4465||
4466||
4467||
4468||
4469||
4470||
4471||
4472|{9:|
4473||
4474||
4475||
4476||
4477||
4478||
4479||
4480||
4481||
4482||
4483||
4484|{5}{6}|
4485||
4486||
4487||
4488||
4489||
4490||
4491||
4492||
4493||
4494||
4495||
4496||
4497||
4498||
4499||
4500||
4501||
4502||
4503|{d}|{d}
4504||
4505||
4506||
4507||
4508||
4509||
4510||
4511||
4512||
4513||
4514||
4515||
4516||
4517||
4518|{5}{5}|{5}{5}
4519||
4520||
4521||
4522||
4523||
4524||
4525||
4526||
4527||
4528||
4529||
4530||
4531||
4532||
4533||
4534||
4535|{7:|
4536||
4537||
4538||
4539||
4540||
4541||
4542||
4543|{5}{c:|
4544||
4545|{3:}|
4546||
4547||
4548||
4549||
4550||
4551||
4552||
4553||
4554||
4555||
4556||
4557||
4558||
4559||
4560||
4561|{3:}|
4562||
4563||
4564||
4565||
4566||
4567||
4568||
4569||
4570||
4571||
4572||
4573||
4574||
4575||
4576||
4577|{8:	}{9:|
4578||
4579||
4580||
4581||
4582||
4583||
4584||
4585||
4586||
4587||
4588|{a}{e}{7:|
4589||
4590||
4591||
4592||
4593||
4594||
4595||
4596||
4597||
4598|{a}{e}{7:|
4599||
4600||
4601||
4602||
4603||
4604||
4605||
4606|{5}{1}|
4607||
4608||
4609||
4610||
4611||
4612||
4613||
4614||
4615||
4616||
4617|{4:|
4618||
4619||
4620||
4621||
4622||
4623||
4624||
4625||
4626||
4627||
4628||
4629||
4630||
4631||
4632||
4633||
4634||
4635|1{7:|
4636||
4637||
4638||
4639||
4640||
4641||
4642||
4643||
4644||
4645||
4646||
4647||
4648||
4649|2{d}{1}|
4650||
4651||
4652||
4653||
4654||
4655||
4656||
4657||
4658||
4659||
4660||
4661||
4662||
4663||
4664||
4665||
4666||
4667||
4668|N{5}{9:|
4669||
4670||
4671||
4672||
4673||
4674||
4675||
4676||
4677||
4678||
4679||
4680||
4681||
4682||
4683||
4684||
4685||
4686||
4687||
4688||
4689||
4690||
4691||
4692|mine1|
4693||
4694||
4695||
4696||
4697||
4698||
4699||
4700||
4701||
4702||
4703||
4704||
4705||
4706||
4707||
4708||
4709||
4710||
4711||
4712||
4713||
4714||
4715|!{7:m}ine 1|
4716||
4717||
4718||
4719||
4720||
4721||
4722||
4723||
4724||
4725||
4726||
4727||
4728||
4729||
4730||
4731||
4732||
4733||
4734||
4735||
4736||
4737|!{7:m}ine2|
4738||
4739||
4740||
4741||
4742||
4743||
4744||
4745||
4746||
4747||
4748||
4749||
4750||
4751||
4752||
4753||
4754||
4755||
4756||
4757||
4758||
4759||
4760|"{a}{3:m}ine 2|
4761||
4762||
4763||
4764||
4765||
4766||
4767||
4768||
4769||
4770||
4771||
4772||
4773||
4774||
4775||
4776||
4777||
4778||
4779||
4780||
4781||
4782|"{a}{3:m}ine3|
4783||
4784||
4785||
4786||
4787||
4788||
4789||
4790||
4791||
4792||
4793||
4794||
4795||
4796||
4797||
4798||
4799||
4800||
4801||
4802||
4803||
4804||
4805|#{4:m}ine 3|
4806||
4807||
4808||
4809||
4810||
4811||
4812||
4813||
4814||
4815||
4816||
4817||
4818||
4819||
4820||
4821||
4822||
4823||
4824||
4825||
4826||
4827|#{4:m}ine4|
4828||
4829||
4830||
4831||
4832||
4833||
4834||
4835||
4836||
4837||
4838||
4839||
4840||
4841||
4842||
4843||
4844||
4845||
4846||
4847||
4848||
4849||
4850|${7:m}ine 4|
4851||
4852||
4853||
4854||
4855||
4856||
4857||
4858||
4859||
4860||
4861||
4862||
4863||
4864||
4865||
4866||
4867||
4868||
4869||
4870||
4871||
4872|${7:m}ine5|
4873||
4874||
4875||
4876||
4877||
4878||
4879||
4880||
4881||
4882||
4883||
4884||
4885||
4886||
4887||
4888||
4889||
4890||
4891||
4892||
4893||
4894||
4895|%{8:}{3:m}ine 5|
4896||
4897||
4898||
4899||
4900||
4901||
4902||
4903||
4904||
4905||
4906||
4907||
4908||
4909||
4910||
4911||
4912||
4913||
4914||
4915||
4916||
4917|%{8:}{3:a}lpha|
4918||
4919||
4920||
4921||
4922||
4923||
4924||
4925||
4926||
4927||
4928||
4929||
4930||
4931||
4932||
4933||
4934||
4935||
4936||
4937||
4938||
4939||
4940|&|
4941||
4942|deep mine alpha|глубокая шахта альфа
4943||
4944||
4945||
4946||
4947||
4948||
4949||
4950||
4951||
4952||
4953||
4954||
4955|&|
4956||
4957|theta|тета
4958||
4959||
4960||
4961||
4962||
4963||
4964||
4965||
4966||
4967||
4968||
4969||
4970||
4971||
4972||
4973||
4974||
4975||
4976||
4977||
4978||
4979||
4980|'{7:??d}eep mine theta|'{7:г}лубокая шахта тета
4981||
4982||
4983||
4984||
4985||
4986||
4987||
4988||
4989||
4990||
4991||
4992||
4993|'{7:k}appa|
4994||
4995||
4996||
4997||
4998||
4999||
5000||
5001||
5002||
5003||
5004||
5005||
5006||
5007||
5008||
5009||
5010||
5011||
5012||
5013||
5014||
5015||
5016|({e}|
5017||
5018|deep mine kappa|глубокая шахта каппа
5019||
5020||
5021||
5022||
5023||
5024||
5025||
5026||
5027||
5028||
5029||
5030||
5031|({e}|
5032||
5033|omega|омега
5034||
5035||
5036||
5037||
5038||
5039||
5040||
5041||
5042||
5043||
5044||
5045||
5046||
5047||
5048||
5049||
5050||
5051||
5052||
5053||
5054||
5055||
5056|){7:d}eep mine omega|
5057||
5058||
5059||
5060||
5061||
5062||
5063||
5064||
5065||
5066||
5067||
5068||
5069|){7:i} lost it|
5070||
5071||
5072||
5073||
5074||
5075||
5076||
5077||
5078||
5079||
5080||
5081||
5082||
5083||
5084||
5085||
5086||
5087||
5088||
5089||
5090||
5091||
5092|showdown|развязка
5093||
5094||
5095||
5096||
5097||
5098||
5099||
5100||
5101||
5102||
5103||
5104||
5105||
5106||
5107||
5108||
5109||
5110||
5111||
5112||
5113||
5114||
5115||
5116|genesis|предыстория
5117||
5118||
5119||
5120||
5121||
5122||
5123||
5124||
5125||
5126||
5127||
5128||
5129||
5130||
5131||
5132||
5133||
5134||
5135||
5136||
5137||
5138||
5139||
5140||
5141|====|